date,close_split_adj,total_ret
2017-05-17,19.82,0.0
2017-05-18,19.81,-0.0005045408678103769
2017-05-19,19.89,0.004038364462392918
2017-05-22,19.88,-0.0005027652086476708
2017-05-23,19.9,0.001006036217303885
2017-05-24,19.91,0.0005025125628141947
2017-05-25,20.04,0.006529382219989888
2017-05-26,20.01,-0.0014970059880238251
2017-05-31,19.96,-0.00249875062468774
2017-06-01,20.02,0.0030060120240480437
2017-06-02,20.08,0.0029970029970030065
2017-06-03,20.12,0.0019920318725101804
2017-06-05,20.26,0.006958250497017815
2017-06-06,20.21,-0.0024679170779862147
2017-06-07,20.21,0.0
2017-06-08,20.23,0.0009896091044037103
2017-06-09,20.25,0.000988630746416197
2017-06-12,20.12,-0.006419753086419733
2017-06-13,20.09,-0.0014910536779324524
2017-06-14,20.0,-0.004479840716774541
2017-06-15,20.0,0.0
2017-06-16,20.12,0.006000000000000005
2017-06-19,20.39,0.013419483101391627
2017-06-20,20.6,0.010299166257969672
2017-06-21,20.66,0.002912621359223211
2017-06-22,20.68,0.0009680542110357404
2017-06-23,20.65,-0.0014506769825919363
2017-06-26,21.08,0.020823244552058195
2017-06-27,21.06,-0.000948766603415585
2017-06-28,20.92,-0.006647673314339797
2017-06-29,20.92,0.0
2017-06-30,20.86,-0.002868068833652093
2017-07-03,20.95,0.00431447746883995
2017-07-04,20.83,-0.005727923627685039
2017-07-05,20.95,0.005760921747479664
2017-07-06,20.89,-0.0028639618138424083
2017-07-07,20.75,-0.006701771182383909
2017-07-10,20.78,0.0014457831325300763
2017-07-11,21.03,0.012030798845043211
2017-07-12,21.1,0.003328578221588163
2017-07-13,21.3,0.009478672985781866
2017-07-14,21.26,-0.00187793427230043
2017-07-17,21.29,0.0014111006585135755
2017-07-18,21.33,0.0018788163457021945
2017-07-19,21.41,0.0037505860290671933
2017-07-20,21.39,-0.0009341429238672871
2017-07-21,21.34,-0.002337540906965918
2017-07-24,21.36,0.0009372071227740086
2017-07-25,21.38,0.000936329588014928
2017-07-26,21.24,-0.006548175865294659
2017-07-27,21.49,0.012758945386064147
2017-07-28,21.33,-0.007445323406235493
2017-07-31,21.28,-0.0023441162681667738
2017-08-01,21.38,0.0046992481203007586
2017-08-02,21.44,0.00280636108512633
2017-08-03,21.37,-0.0032649253731343864
2017-08-04,21.43,0.002807674309780017
2017-08-07,21.6,0.00793280447970135
2017-08-08,21.68,0.0037037037037035425
2017-08-09,21.49,-0.008763837638376404
2017-08-10,21.29,-0.009306654257794311
2017-08-11,21.17,-0.005636449037106472
2017-08-14,21.05,-0.005668398677373676
2017-08-15,21.16,0.005225653206650804
2017-08-16,21.08,-0.003780718336483968
2017-08-17,21.21,0.006166982922201303
2017-08-18,21.09,-0.005657708628005742
2017-08-21,21.1,0.00047415836889519447
2017-08-22,21.21,0.005213270142180093
2017-08-23,21.24,0.0014144271570013522
2017-08-24,21.37,0.006120527306968215
2017-08-25,21.42,0.0023397285914834587
2017-08-28,21.46,0.0018674136321195078
2017-08-29,21.41,-0.002329916123019582
2017-08-30,21.49,0.0037365716954693706
2017-08-31,21.54,0.00232666356444855
2017-09-01,21.57,0.0013927576601671099
2017-09-04,21.55,-0.0009272137227630539
2017-09-05,21.57,0.0009280742459396585
2017-09-06,21.49,-0.0037088548910524377
2017-09-07,21.45,-0.0018613308515588178
2017-09-08,21.55,0.004662004662004726
2017-09-11,21.55,0.0
2017-09-12,21.6,0.002320185614849146
2017-09-13,21.55,-0.0023148148148148806
2017-09-14,21.53,-0.0009280742459396585
2017-09-15,21.5,-0.0013934045517882687
2017-09-18,21.68,0.008372093023255811
2017-09-19,21.56,-0.005535055350553542
2017-09-20,21.51,-0.002319109461966451
2017-09-21,21.62,0.005113900511390046
2017-09-22,21.46,-0.007400555041628176
2017-09-25,21.24,-0.010251630941286227
2017-09-26,21.16,-0.0037664783427494575
2017-09-27,21.23,0.0033081285444234165
2017-09-28,21.19,-0.0018841262364578393
2017-09-29,21.21,0.0009438414346389923
2017-09-30,21.29,0.003771805752003754
2017-10-02,21.39,0.004697040864255486
2017-10-03,21.45,0.0028050490883588797
2017-10-05,21.54,0.00419580419580412
2017-10-06,21.5,-0.0018570102135561095
2017-10-11,21.75,0.011627906976744207
2017-10-12,21.9,0.006896551724137945
2017-10-13,21.9,0.0
2017-10-16,22.01,0.005022831050228493
2017-10-17,21.97,-0.0018173557473877278
2017-10-18,22.0,0.001365498406918686
2017-10-19,22.18,0.008181818181818068
2017-10-20,22.05,-0.005861136158701541
2017-10-23,22.04,-0.00045351473922905505
2017-10-24,22.0,-0.001814882032667886
2017-10-25,22.0,0.0
2017-10-26,22.04,0.0018181818181817189
2017-10-27,21.96,-0.003629764065335661
2017-10-30,22.12,0.007285974499089187
2017-10-31,22.13,0.00045207956600346044
2017-11-01,22.11,-0.0009037505648440414
2017-11-02,22.1,-0.00045228403437347353
2017-11-03,22.09,-0.00045248868778291484
2017-11-06,22.09,0.0
2017-11-07,22.14,0.002263467632412919
2017-11-08,22.12,-0.0009033423667569318
2017-11-09,22.01,-0.00497287522603973
2017-11-10,21.99,-0.0009086778736938639
2017-11-13,21.99,0.0
2017-11-14,21.98,-0.00045475216007262453
2017-11-15,21.87,-0.005004549590536866
2017-11-16,21.93,0.00274348422496562
2017-11-17,21.97,0.0018239854081167906
2017-11-20,21.91,-0.002730996813837039
2017-11-21,22.08,0.007759014148790433
2017-11-22,22.16,0.0036231884057971175
2017-11-23,22.22,0.0027075812274368616
2017-11-24,22.25,0.0013501350135014523
2017-11-27,22.12,-0.00584269662921344
2017-11-28,22.0,-0.005424954792043413
2017-11-29,22.01,0.00045454545454548523
2017-11-30,20.7,-0.008632439800090874
2017-12-01,20.84,0.006763285024154575
2017-12-04,20.88,0.0019193857965451588
2017-12-05,20.76,-0.005747126436781436
2017-12-06,20.48,-0.013487475915221592
2017-12-07,20.36,-0.005859375
2017-12-08,20.43,0.0034381139489194634
2017-12-11,20.62,0.009300048947626038
2017-12-12,20.49,-0.006304558680892414
2017-12-13,20.52,0.0014641288433383526
2017-12-14,20.68,0.007797270955165692
2017-12-15,20.58,-0.004835589941972973
2017-12-18,20.65,0.003401360544217802
2017-12-19,20.52,-0.006295399515738431
2017-12-20,20.59,0.003411306042885087
2017-12-21,20.59,0.0
2017-12-22,20.6,0.0004856726566295766
2017-12-25,20.64,0.0019417475728153999
2017-12-26,20.55,-0.0043604651162790775
2017-12-27,20.58,0.0014598540145984717
2017-12-28,20.72,0.006802721088435382
2017-12-29,20.84,0.005791505791505891
2018-01-02,21.01,0.00815738963531687
2018-01-03,21.15,0.006663493574488255
2018-01-04,21.27,0.005673758865248235
2018-01-05,21.3,0.0014104372355430161
2018-01-08,21.42,0.005633802816901401
2018-01-09,21.47,0.0023342670401491628
2018-01-10,21.35,-0.0055891942244992165
2018-01-11,21.24,-0.0051522248243560664
2018-01-12,21.39,0.0070621468926554964
2018-01-15,21.52,0.006077606358111165
2018-01-16,21.6,0.003717472118959231
2018-01-17,21.67,0.003240740740740655
2018-01-18,21.87,0.00922934933087216
2018-01-19,22.0,0.005944215820758991
2018-01-22,22.14,0.006363636363636349
2018-01-23,22.23,0.004065040650406582
2018-01-24,22.04,-0.008547008547008628
2018-01-25,22.12,0.003629764065335772
2018-01-26,22.19,0.0031645569620253333
2018-01-29,22.25,0.002703920684993255
2018-01-30,22.05,-0.008988764044943753
2018-01-31,22.07,0.0009070294784581101
2018-02-01,22.19,0.005437245129134682
2018-02-02,22.07,-0.00540784136998651
2018-02-05,21.77,-0.013593112822836484
2018-02-06,21.22,-0.025264124942581567
2018-02-07,21.32,0.004712535344015167
2018-02-08,21.04,-0.013133208255159512
2018-02-09,20.71,-0.015684410646387703
2018-02-12,20.82,0.005311443746982114
2018-02-21,21.3,0.023054755043227626
2018-02-22,21.19,-0.00516431924882621
2018-02-23,21.31,0.005663048607833732
2018-02-26,21.48,0.00797747536367921
2018-02-27,21.47,-0.0004655493482309536
2018-03-01,21.4,-0.00326036329762458
2018-03-02,21.16,-0.01121495327102795
2018-03-05,21.1,-0.002835538752362865
2018-03-06,21.31,0.009952606635071026
2018-03-07,21.26,-0.002346316283434846
2018-03-08,21.47,0.00987770460959525
2018-03-09,21.45,-0.0009315323707498324
2018-03-12,21.7,0.011655011655011593
2018-03-13,21.89,0.008755760368663656
2018-03-14,21.75,-0.006395614435815489
2018-03-15,21.78,0.0013793103448276334
2018-03-16,21.8,0.0009182736455464191
2018-03-19,21.79,-0.0004587155963303724
2018-03-20,21.72,-0.0032124827902707542
2018-03-21,21.77,0.002302025782688899
2018-03-22,21.77,0.0
2018-03-23,21.48,-0.013321084060633814
2018-03-26,21.57,0.0041899441340782495
2018-03-27,21.76,0.008808530366249512
2018-03-28,21.53,-0.010569852941176516
2018-03-29,21.51,-0.0009289363678587348
2018-03-30,21.64,0.006043700604370095
2018-03-31,21.65,0.00046210720887240875
2018-04-02,21.57,-0.003695150115473389
2018-04-03,21.43,-0.0064904960593417105
2018-04-09,21.63,0.009332711152589823
2018-04-10,21.68,0.002311604253351751
2018-04-11,21.74,0.002767527675276771
2018-04-12,21.65,-0.004139834406623688
2018-04-13,21.7,0.002309468822170979
2018-04-16,21.7,0.0
2018-04-17,21.42,-0.012903225806451535
2018-04-18,21.44,0.0009337068160597539
2018-04-19,21.69,0.011660447761194126
2018-04-20,21.37,-0.014753342554172488
2018-04-23,21.15,-0.010294805802527063
2018-04-24,21.08,-0.003309692671394804
2018-04-25,20.94,-0.006641366223908762
2018-04-26,20.78,-0.00764087870105068
2018-04-27,20.84,0.002887391722810273
2018-04-30,21.04,0.009596928982725572
2018-05-02,20.92,-0.005703422053231821
2018-05-03,20.73,-0.009082217973231388
2018-05-04,20.75,0.0009647853352627855
2018-05-07,20.86,0.005301204819277094
2018-05-08,20.97,0.005273250239693272
2018-05-09,21.0,0.0014306151645206988
2018-05-10,21.09,0.004285714285714226
2018-05-11,21.21,0.005689900426742556
2018-05-14,21.31,0.0047147571900045815
2018-05-15,21.17,-0.006569685593617924
2018-05-16,21.25,0.0037789324515824507
2018-05-17,21.15,-0.004705882352941226
2018-05-18,21.13,-0.0009456264775413725
2018-05-21,21.3,0.008045433033601501
2018-05-22,21.22,-0.003755868544600971
2018-05-23,21.15,-0.0032987747408105283
2018-05-24,21.19,0.001891252955082967
2018-05-25,21.21,0.0009438414346389923
2018-05-28,21.32,0.005186232909005106
2018-05-29,21.22,-0.004690431519699834
2018-05-30,20.99,-0.010838831291234752
2018-05-31,21.09,0.004764173415912509
2018-06-01,21.16,0.0033191085822665833
2018-06-04,21.33,0.008034026465028266
2018-06-05,21.27,-0.002812939521800173
2018-06-06,21.43,0.007522331922896086
2018-06-07,21.48,0.002333177788147456
2018-06-08,21.37,-0.005121042830540046
2018-06-11,21.37,0.0
2018-06-12,21.37,0.0
2018-06-13,21.36,-0.00046794571829678056
2018-06-14,21.18,-0.008426966292134797
2018-06-15,21.18,0.0
2018-06-19,21.07,-0.005193578847969782
2018-06-20,21.17,0.0047460844803037805
2018-06-21,21.16,-0.0004723665564478896
2018-06-22,21.18,0.000945179584120881
2018-06-25,21.13,-0.0023607176581681433
2018-06-26,21.17,0.0018930430667298825
2018-06-27,21.0,-0.008030231459612791
2018-06-28,20.9,-0.004761904761904856
2018-06-29,21.1,0.009569377990430672
2018-07-02,21.03,-0.0033175355450236754
2018-07-03,21.02,-0.0004755111745127216
2018-07-04,21.03,0.0004757373929591413
2018-07-05,20.93,-0.004755111745126106
2018-07-06,20.94,0.0004777830864788335
2018-07-09,21.13,0.009073543457497557
2018-07-10,21.2,0.003312825366777128
2018-07-11,21.14,-0.002830188679245227
2018-07-12,21.25,0.0052034058656575954
2018-07-13,21.4,0.007058823529411784
2018-07-16,21.43,0.0014018691588786325
2018-07-17,21.31,-0.005599626691553894
2018-07-18,21.44,0.006100422336931199
2018-07-19,21.45,0.00046641791044765846
2018-07-20,21.64,0.008857808857808847
2018-07-23,21.76,0.005545286506469571
2018-07-24,21.77,0.00045955882352921584
2018-07-25,21.75,-0.0009186954524574853
2018-07-26,21.82,0.007034482758620619
2018-07-27,21.88,0.00274977085242889
2018-07-30,21.89,0.00045703839122501755
2018-07-31,21.98,0.004111466423024179
2018-08-01,22.1,0.005459508644221955
2018-08-02,21.86,-0.010859728506787403
2018-08-03,22.01,0.006861848124428249
2018-08-06,22.1,0.004089050431621999
2018-08-07,22.04,-0.002714932126696934
2018-08-08,22.11,0.0031760435571688284
2018-08-09,22.12,0.0004522840343736956
2018-08-10,22.08,-0.001808318264014619
2018-08-13,21.77,-0.014039855072463747
2018-08-14,21.89,0.005512172714745134
2018-08-15,21.68,-0.009593421653723233
2018-08-16,21.72,0.0018450184501843658
2018-08-17,21.76,0.0018416206261511192
2018-08-20,21.8,0.0018382352941175295
2018-08-21,21.92,0.005504587155963359
2018-08-22,21.97,0.002281021897809987
2018-08-23,22.04,0.00318616294947649
2018-08-24,22.02,-0.0009074410163338875
2018-08-27,22.19,0.007720254314259822
2018-08-28,22.3,0.004957187922487671
2018-08-29,22.47,0.007623318385650224
2018-08-30,22.5,0.001335113484646211
2018-08-31,22.46,-0.001777777777777767
2018-09-03,22.37,-0.004007123775601085
2018-09-04,22.44,0.003129190880643673
2018-09-05,22.45,0.0004456327985737918
2018-09-06,22.45,0.0
2018-09-07,22.37,-0.0035634743875277985
2018-09-10,22.31,-0.0026821636119804815
2018-09-11,22.29,-0.0008964589870013029
2018-09-12,22.25,-0.0017945266935844861
2018-09-13,22.3,0.0022471910112360494
2018-09-14,22.53,0.010313901345291532
2018-09-17,22.54,0.00044385264092317023
2018-09-18,22.45,-0.003992901508429458
2018-09-19,22.58,0.00579064587973277
2018-09-20,22.55,-0.0013286093888396078
2018-09-21,22.71,0.0070953436807095205
2018-09-25,22.82,0.00484368119771017
2018-09-26,22.87,0.002191060473269113
2018-09-27,22.95,0.003498032356799241
2018-09-28,22.96,0.00043572984749462584
2018-10-01,23.08,0.00522648083623678
2018-10-02,22.88,-0.008665511265164572
2018-10-03,22.81,-0.0030594405594405183
2018-10-04,22.6,-0.009206488382288325
2018-10-05,22.35,-0.011061946902654829
2018-10-08,22.2,-0.006711409395973256
2018-10-09,22.1,-0.0045045045045044585
2018-10-11,21.04,-0.04796380090497743
2018-10-12,21.25,0.009980988593155882
2018-10-15,21.0,-0.0117647058823529
2018-10-16,21.07,0.0033333333333334103
2018-10-17,21.06,-0.00047460844803048907
2018-10-18,21.03,-0.0014245014245013454
2018-10-19,20.96,-0.003328578221588274
2018-10-22,20.98,0.000954198473282375
2018-10-23,20.74,-0.011439466158246092
2018-10-24,20.68,-0.0028929604628735728
2018-10-25,20.34,-0.01644100580270791
2018-10-26,20.17,-0.00835791543756137
2018-10-29,20.1,-0.003470500743678717
2018-10-30,20.17,0.0034825870646766344
2018-10-31,20.57,0.019831432821021178
2018-11-01,20.79,0.010695187165775444
2018-11-02,20.86,0.0033670033670034627
2018-11-05,20.82,-0.0019175455417065335
2018-11-06,20.77,-0.0024015369836696276
2018-11-07,20.93,0.007703418391911354
2018-11-08,20.99,0.002866698518872335
2018-11-09,20.69,-0.014292520247736862
2018-11-12,20.73,0.0019333011116480225
2018-11-13,20.54,-0.009165460684997684
2018-11-14,20.6,0.002921129503408171
2018-11-15,20.6,0.0
2018-11-16,20.51,-0.004368932038834927
2018-11-19,20.52,0.0004875670404680399
2018-11-20,20.39,-0.006335282651072083
2018-11-21,20.27,-0.005885237861696924
2018-11-22,20.22,-0.0024666995559941007
2018-11-23,20.22,0.0
2018-11-26,20.37,0.007418397626112849
2018-11-27,20.35,-0.0009818360333824216
2018-11-28,20.5,0.0073710073710073765
2018-11-29,20.02,0.012829268292682938
2018-11-30,19.92,-0.004995004995004937
2018-12-03,20.19,0.013554216867469826
2018-12-04,20.07,-0.005943536404160565
2018-12-05,19.75,-0.015944195316392684
2018-12-06,19.56,-0.009620253164557058
2018-12-07,19.5,-0.0030674846625766694
2018-12-10,19.24,-0.01333333333333342
2018-12-11,19.34,0.005197505197505281
2018-12-12,19.47,0.006721820062047579
2018-12-13,19.56,0.0046224961479197635
2018-12-14,19.4,-0.008179959100204526
2018-12-17,19.43,0.001546391752577314
2018-12-18,19.32,-0.005661348430262447
2018-12-19,19.35,0.0015527950310558758
2018-12-20,19.25,-0.0051679586563307955
2018-12-21,19.32,0.0036363636363636598
2018-12-22,19.24,-0.0041407867494824835
2018-12-24,19.21,-0.0015592515592514067
2018-12-25,18.99,-0.01145236855804277
2018-12-26,18.96,-0.0015797788309634964
2018-12-27,19.18,0.011603375527426074
2018-12-28,19.33,0.007820646506777829
2019-01-02,19.16,-0.008794619762027889
2019-01-03,18.98,-0.009394572025052228
2019-01-04,18.68,-0.015806111696522684
2019-01-07,19.05,0.019807280513918668
2019-01-08,19.02,-0.0015748031496063408
2019-01-09,19.3,0.014721345951629994
2019-01-10,19.27,-0.0015544041450777923
2019-01-11,19.35,0.004151530877011034
2019-01-14,19.26,-0.0046511627906976605
2019-01-15,19.38,0.006230529595015355
2019-01-16,19.37,-0.0005159958720328817
2019-01-17,19.39,0.0010325245224573898
2019-01-18,19.45,0.003094378545642096
2019-01-21,19.56,0.005655526992287996
2019-01-22,19.53,-0.0015337423312882237
2019-01-23,19.49,-0.0020481310803892594
2019-01-24,19.52,0.001539250897896416
2019-01-25,19.69,0.008709016393442681
2019-01-28,19.78,0.004570848146267181
2019-01-29,19.6,-0.009100101112234582
2019-01-30,19.63,0.001530612244897922
2019-02-11,19.81,0.009169638308711203
2019-02-12,19.87,0.003028773346794633
2019-02-13,19.86,-0.0005032712632109249
2019-02-14,19.84,-0.001007049345417954
2019-02-15,19.82,-0.0010080645161290036
2019-02-18,19.96,0.007063572149344166
2019-02-19,19.94,-0.0010020040080159776
2019-02-20,20.05,0.005516549648946878
2019-02-21,20.11,0.0029925187032417977
2019-02-22,20.09,-0.0009945300845349836
2019-02-25,20.21,0.0059731209556994624
2019-02-26,20.24,0.0014844136566054544
2019-02-27,20.23,-0.0004940711462450009
2019-03-04,20.23,0.0
2019-03-05,20.15,-0.003954522985664899
2019-03-06,20.23,0.003970223325062028
2019-03-07,20.15,-0.003954522985664899
2019-03-08,20.05,-0.004962779156327479
2019-03-11,20.06,0.0004987531172069293
2019-03-12,20.2,0.006979062811565351
2019-03-13,20.2,0.0
2019-03-14,20.19,-0.0004950495049503845
2019-03-15,20.27,0.003962357602773636
2019-03-18,20.41,0.006906758756783482
2019-03-19,20.41,0.0
2019-03-20,20.42,0.0004899559039686086
2019-03-21,20.57,0.007345739471106727
2019-03-22,20.63,0.002916869227029606
2019-03-25,20.38,-0.012118274357731496
2019-03-26,20.54,0.007850834151128527
2019-03-27,20.5,-0.0019474196689386325
2019-03-28,20.46,-0.0019512195121951237
2019-03-29,20.62,0.00782013685239491
2019-04-01,20.72,0.004849660523763344
2019-04-02,20.86,0.006756756756756799
2019-04-03,20.86,0.0
2019-04-08,21.05,0.009108341323106561
2019-04-09,21.09,0.0019002375296912621
2019-04-10,21.06,-0.0014224751066856944
2019-04-11,21.09,0.0014245014245015675
2019-04-12,21.03,-0.002844950213371167
2019-04-15,21.2,0.008083689966714047
2019-04-16,21.31,0.005188679245283101
2019-04-17,21.42,0.005161895823557083
2019-04-18,21.36,-0.0028011204481793728
2019-04-19,21.41,0.002340823970037542
2019-04-22,21.44,0.0014012143858010973
2019-04-23,21.51,0.0032649253731342753
2019-04-24,21.53,0.0009298000929800487
2019-04-25,21.55,0.0009289363678588458
2019-04-26,21.43,-0.005568445475638062
2019-04-29,21.44,0.00046663555762949116
2019-04-30,21.47,0.0013992537313431974
2019-05-02,21.57,0.004657661853749495
2019-05-03,21.76,0.008808530366249512
2019-05-06,21.38,-0.01746323529411775
2019-05-07,21.57,0.008886810102900045
2019-05-08,21.49,-0.0037088548910524377
2019-05-09,21.18,-0.014425314099581144
2019-05-10,21.14,-0.0018885741265344258
2019-05-13,20.86,-0.013245033112582849
2019-05-14,20.77,-0.004314477468839839
2019-05-15,20.87,0.004814636494944624
2019-05-16,20.78,-0.004312410158121671
2019-05-17,20.66,-0.005774783445620879
2019-05-20,20.65,-0.0004840271055179812
2019-05-21,20.75,0.004842615012106588
2019-05-22,20.74,-0.0004819277108434328
2019-05-23,20.41,-0.015911282545805094
2019-05-24,20.47,0.0029397354238118734
2019-05-27,20.46,-0.0004885197850511558
2019-05-28,20.43,-0.0014662756598241566
2019-05-29,20.36,-0.0034263338228096574
2019-05-30,20.5,0.006876227897838927
2019-05-31,20.73,0.011219512195121961
2019-06-03,20.79,0.0028943560057885787
2019-06-04,20.68,-0.005291005291005235
2019-06-05,20.72,0.0019342359767891004
2019-06-06,20.61,-0.005308880308880326
2019-06-10,20.9,0.014070839398350188
2019-06-11,20.95,0.0023923444976077235
2019-06-12,21.0,0.0023866348448686736
2019-06-13,20.86,-0.00666666666666671
2019-06-14,20.86,0.0
2019-06-17,20.87,0.0004793863854266611
2019-06-18,20.91,0.001916626736943039
2019-06-19,21.16,0.011956001912960312
2019-06-20,21.21,0.0023629489603025355
2019-06-21,21.27,0.0028288543140027045
2019-06-24,21.32,0.002350728725905027
2019-06-25,21.19,-0.0060975609756097615
2019-06-26,21.16,-0.0014157621519584884
2019-06-27,21.35,0.008979206049149369
2019-06-28,21.28,-0.003278688524590123
2019-07-01,21.59,0.014567669172932174
2019-07-02,21.53,-0.0027790643816580918
2019-07-03,21.37,-0.0074314909428704334
2019-07-04,21.45,0.0037435657463733563
2019-07-05,21.41,-0.0018648018648018683
2019-07-08,21.41,0.0
2019-07-09,21.33,-0.0037365716954694816
2019-07-10,21.49,0.0075011720581341645
2019-07-11,21.6,0.005118659841786943
2019-07-12,21.63,0.001388888888888884
2019-07-15,21.74,0.005085529357373941
2019-07-16,21.81,0.0032198712051518807
2019-07-17,21.69,-0.005502063273727487
2019-07-18,21.45,0.0007376671277086189
2019-07-19,21.63,0.008391608391608463
2019-07-22,21.72,0.004160887656033285
2019-07-23,21.73,0.0004604051565377798
2019-07-24,21.74,0.00046019328117807845
2019-07-25,21.76,0.0009199632014720294
2019-07-26,21.74,-0.0009191176470589868
2019-07-29,21.75,0.0004599816007360147
2019-07-30,21.73,-0.0009195402298850519
2019-07-31,21.65,-0.0036815462494248496
2019-08-01,21.5,-0.006928406466512604
2019-08-02,21.26,-0.01116279069767434
2019-08-05,21.11,-0.007055503292568321
2019-08-06,21.1,-0.000473709142586376
2019-08-07,21.11,0.0004739336492889379
2019-08-08,21.25,0.006631927996210374
2019-08-12,21.2,-0.0023529411764706687
2019-08-13,21.09,-0.00518867924528299
2019-08-14,21.15,0.002844950213371167
2019-08-15,20.92,-0.010874704491725673
2019-08-16,21.1,0.008604206500955947
2019-08-19,21.22,0.005687203791469031
2019-08-20,21.23,0.00047125353440158335
2019-08-21,21.23,0.0
2019-08-22,21.28,0.0023551577955722713
2019-08-23,21.27,-0.00046992481203012026
2019-08-26,21.05,-0.010343206393982118
2019-08-27,21.05,0.0
2019-08-28,21.12,0.003325415676959542
2019-08-29,21.14,0.0009469696969697239
2019-08-30,21.38,0.011352885525070855
2019-09-02,21.42,0.00187090739008422
2019-09-03,21.33,-0.004201680672269115
2019-09-04,21.5,0.007969995311767564
2019-09-05,21.65,0.006976744186046435
2019-09-06,21.73,0.003695150115473611
2019-09-09,21.76,0.0013805798435342354
2019-09-10,21.7,-0.0027573529411766273
2019-09-11,21.74,0.0018433179723502668
2019-09-12,21.81,0.0032198712051518807
2019-09-16,21.96,0.00687757909215958
2019-09-17,21.95,-0.00045537340619317135
2019-09-18,22.06,0.005011389521640153
2019-09-19,21.98,-0.0036264732547596212
2019-09-20,22.01,0.0013648771610554888
2019-09-23,21.99,-0.0009086778736938639
2019-09-24,22.02,0.0013642564802183177
2019-09-25,22.0,-0.0009082652134423386
2019-09-26,22.03,0.0013636363636364557
2019-09-27,22.04,0.00045392646391273495
2019-10-01,22.3,0.011796733212341204
2019-10-02,22.28,-0.0008968609865470656
2019-10-03,22.12,-0.007181328545781018
2019-10-04,22.16,0.001808318264014508
2019-10-07,22.25,0.004061371841155292
2019-10-08,22.33,0.0035955056179775013
2019-10-09,22.16,-0.00761307657859378
2019-10-14,22.43,0.012184115523465655
2019-10-15,22.56,0.005795809184128364
2019-10-16,22.66,0.004432624113475336
2019-10-17,22.67,0.0004413062665491463
2019-10-18,22.67,0.0
2019-10-21,22.67,0.0
2019-10-22,22.81,0.006175562417291447
2019-10-23,22.74,-0.003068829460762812
2019-10-24,22.87,0.005716798592788175
2019-10-25,22.9,0.0013117621337996876
2019-10-28,23.0,0.004366812227074357
2019-10-29,23.12,0.00521739130434784
2019-10-30,23.18,0.0025951557093424338
2019-10-31,23.26,0.003451251078516071
2019-11-01,23.2,-0.00257953568357705
2019-11-04,23.53,0.014224137931034608
2019-11-05,23.77,0.010199745006374883
2019-11-06,23.88,0.00462768195204033
2019-11-07,23.73,-0.006281407035175768
2019-11-08,23.64,-0.0037926675094817064
2019-11-11,23.36,-0.011844331641285955
2019-11-12,23.51,0.006421232876712368
2019-11-13,23.45,-0.00255210548702689
2019-11-14,23.4,-0.002132196162046962
2019-11-15,23.55,0.0064102564102566095
2019-11-18,23.7,0.006369426751592355
2019-11-19,24.05,0.01476793248945163
2019-11-20,23.58,0.002494802494802384
2019-11-21,23.35,-0.009754028837998141
2019-11-22,23.09,-0.011134903640257043
2019-11-25,23.16,0.003031615417929956
2019-11-26,23.25,0.0038860103626943143
2019-11-27,23.26,0.00043010752688177334
2019-11-28,23.24,-0.0008598452278590907
2019-11-29,23.06,-0.007745266781411297
2019-12-02,23.02,-0.0017346053772766545
2019-12-03,23.02,0.0
2019-12-04,23.0,-0.0008688097306689402
2019-12-05,23.15,0.006521739130434634
2019-12-06,23.21,0.0025917926565874883
2019-12-09,23.28,0.0030159414045669575
2019-12-10,23.2,-0.003436426116838587
2019-12-11,23.32,0.005172413793103514
2019-12-12,23.7,0.016295025728988
2019-12-13,23.92,0.009282700421941126
2019-12-16,23.94,0.0008361204013378476
2019-12-17,24.21,0.011278195488721776
2019-12-18,24.25,0.001652209830648399
2019-12-19,24.13,-0.004948453608247472
2019-12-20,24.01,-0.004973062577704024
2019-12-23,24.05,0.0016659725114536172
2019-12-24,24.04,-0.00041580041580047133
2019-12-25,24.08,0.0016638935108153063
2019-12-26,24.05,-0.001245847176079673
2019-12-27,24.23,0.007484407484407374
2019-12-30,24.19,-0.0016508460586049933
2019-12-31,24.06,-0.005374121537825682
2020-01-02,24.19,0.005403158769742511
2020-01-03,24.19,0.0
2020-01-06,24.0,-0.007854485324514271
2020-01-07,23.89,-0.004583333333333273
2020-01-08,23.8,-0.0037672666387610354
2020-01-09,24.09,0.012184873949579789
2020-01-10,24.12,0.001245330012453305
2020-01-13,24.3,0.00746268656716409
2020-01-14,24.41,0.004526748971193317
2020-01-15,24.24,-0.006964358869315901
2020-01-16,24.19,-0.0020627062706269905
2020-01-17,24.14,-0.0020669698222406385
2020-01-20,24.21,0.0028997514498756427
2020-01-30,23.32,-0.03676166873192899
2020-01-31,23.15,-0.007289879931389409
2020-02-03,22.87,-0.012095032397408056
2020-02-04,23.26,0.017052907739396606
2020-02-05,23.32,0.002579535683576939
2020-02-06,23.67,0.015008576329331058
2020-02-07,23.4,-0.011406844106463976
2020-02-10,23.35,-0.002136752136752018
2020-02-11,23.55,0.008565310492505418
2020-02-12,23.73,0.007643312101910826
2020-02-13,23.76,0.0012642225031604948
2020-02-14,23.81,0.002104377104376942
2020-02-17,23.71,-0.004199916001679904
2020-02-18,23.47,-0.010122311261071326
2020-02-19,23.67,0.008521516829995912
2020-02-20,23.61,-0.0025348542458809575
2020-02-21,23.5,-0.004659042778483724
2020-02-24,23.19,-0.013191489361702113
2020-02-25,23.2,0.00043122035360054767
2020-02-26,23.0,-0.008620689655172376
2020-02-27,22.82,-0.00782608695652176
2020-03-02,22.51,-0.013584574934268123
2020-03-03,22.79,0.012438916037316616
2020-03-04,22.88,0.003949100482667722
2020-03-05,23.14,0.011363636363636465
2020-03-06,22.78,-0.015557476231633505
2020-03-09,22.15,-0.02765583845478503
2020-03-10,22.12,-0.0013544018058689877
2020-03-11,21.88,-0.010849909584086936
2020-03-12,21.1,-0.035648994515539156
2020-03-13,20.7,-0.018957345971564066
2020-03-16,20.01,-0.033333333333333215
2020-03-17,19.42,-0.029485257371314355
2020-03-18,18.72,-0.036045314109166005
2020-03-19,17.65,-0.05715811965811968
2020-03-20,18.92,0.07195467422096335
2020-03-23,18.3,-0.03276955602537002
2020-03-24,19.03,0.03989071038251368
2020-03-25,19.76,0.038360483447188676
2020-03-26,19.81,0.0025303643724694513
2020-03-27,19.72,-0.004543160020191839
2020-03-30,19.52,-0.010141987829614618
2020-03-31,19.66,0.0071721311475410054
2020-04-01,19.64,-0.0010172939979653517
2020-04-06,19.91,0.013747454175152773
2020-04-07,20.21,0.015067805123053724
2020-04-08,20.47,0.012864918357248678
2020-04-09,20.42,-0.002442598925256334
2020-04-10,20.48,0.002938295788442735
2020-04-13,20.36,-0.005859375
2020-04-14,20.85,0.024066797642436244
2020-04-15,21.0,0.007194244604316502
2020-04-16,20.94,-0.0028571428571427804
2020-04-17,21.45,0.024355300859598694
2020-04-20,21.4,-0.002331002331002363
2020-04-21,20.82,-0.027102803738317638
2020-04-22,20.78,-0.0019212295869356355
2020-04-23,20.9,0.005774783445620768
2020-04-24,20.85,-0.0023923444976075015
2020-04-27,21.3,0.021582733812949506
2020-04-28,21.3,0.0
2020-04-29,21.61,0.014553990610328471
2020-04-30,22.06,0.020823692734844856
2020-05-04,21.48,-0.026291931097008114
2020-05-05,21.6,0.005586592178770999
2020-05-06,21.62,0.0009259259259259967
2020-05-07,21.72,0.0046253469010175685
2020-05-08,21.84,0.005524861878453136
2020-05-11,22.01,0.007783882783882756
2020-05-12,21.79,-0.009995456610631615
2020-05-13,21.82,0.0013767783386875454
2020-05-14,21.6,-0.010082493125572856
2020-05-15,21.69,0.004166666666666652
2020-05-18,21.6,-0.004149377593360981
2020-05-19,21.77,0.007870370370370194
2020-05-20,21.82,0.0022967386311438798
2020-05-21,21.99,0.007791017415215373
2020-05-22,21.68,-0.014097316962255468
2020-05-25,21.74,0.002767527675276771
2020-05-26,22.05,0.014259429622815123
2020-05-27,22.03,-0.0009070294784579991
2020-05-28,21.92,-0.004993191103041306
2020-05-29,21.98,0.0027372262773721623
2020-06-01,22.15,0.007734303912647844
2020-06-02,22.22,0.0031602708803610824
2020-06-03,22.55,0.014851485148514865
2020-06-04,22.68,0.0057649667405763605
2020-06-05,22.88,0.008818342151675429
2020-06-08,23.16,0.012237762237762295
2020-06-09,23.19,0.0012953367875647714
2020-06-10,23.39,0.00862440707201384
2020-06-11,23.09,-0.012825994014536102
2020-06-12,22.88,-0.009094846253789535
2020-06-15,22.61,-0.011800699300699269
2020-06-16,23.04,0.01901813356921722
2020-06-17,23.02,-0.0008680555555555802
2020-06-18,23.05,0.0013032145960034658
2020-06-19,23.05,0.0
2020-06-22,23.07,0.0008676789587851452
2020-06-23,23.19,0.005201560468140576
2020-06-24,23.28,0.0038809831824062613
2020-06-29,23.06,-0.00945017182130592
2020-06-30,23.23,0.007372072853425893
2020-07-01,23.39,0.0068876452862678406
2020-07-02,23.64,0.010688328345446862
2020-07-03,23.91,0.011421319796954377
2020-07-06,24.36,0.01882057716436636
2020-07-07,24.39,0.0012315270935960854
2020-07-08,24.54,0.006150061500614923
2020-07-09,24.62,0.0032599837000815146
2020-07-10,24.48,-0.005686433793663737
2020-07-13,24.79,0.012663398692810413
2020-07-14,24.88,0.003630496167809527
2020-07-15,25.0,0.004823151125401992
2020-07-16,24.84,-0.006399999999999961
2020-07-17,25.0,0.006441223832528209
2020-07-20,24.98,-0.0008000000000000229
2020-07-21,25.24,0.019655724579663802
2020-07-22,25.4,0.006339144215530945
2020-07-23,25.34,-0.0023622047244094
2020-07-24,25.28,-0.0023677979479084232
2020-07-27,26.26,0.03876582278481022
2020-07-28,26.3,0.0015232292460014563
2020-07-29,26.17,-0.004942965779467623
2020-07-30,26.53,0.013756209400076491
2020-07-31,26.51,-0.0007538635506972868
2020-08-03,26.12,-0.014711429649189034
2020-08-04,26.34,0.008422664624808451
2020-08-05,26.56,0.008352315869400107
2020-08-06,26.82,0.009789156626506035
2020-08-07,26.66,-0.005965697240865042
2020-08-10,26.84,0.006751687921980443
2020-08-11,26.7,-0.005216095380029873
2020-08-12,26.32,-0.014232209737827684
2020-08-13,26.57,0.009498480243161023
2020-08-14,26.64,0.0026345502446367686
2020-08-17,26.95,0.0116366366366365
2020-08-18,26.83,-0.0044526901669759145
2020-08-19,26.69,-0.005218039508013361
2020-08-20,25.88,-0.030348445110528366
2020-08-21,26.35,0.018160741885625997
2020-08-24,26.44,0.0034155597722960174
2020-08-25,26.67,0.008698940998487226
2020-08-26,26.8,0.004874390701162357
2020-08-27,26.79,-0.0003731343283582822
2020-08-28,26.55,-0.008958566629339249
2020-08-31,26.18,-0.013935969868173248
2020-09-01,26.4,0.008403361344537785
2020-09-02,26.39,-0.0003787878787877563
2020-09-03,26.48,0.0034103827207274673
2020-09-04,26.24,-0.009063444108761365
2020-09-07,26.19,-0.001905487804877981
2020-09-08,26.41,0.008400152730049681
2020-09-09,26.21,-0.007572889057175236
2020-09-10,26.39,0.006867607783288765
2020-09-11,26.4,0.00037893141341416303
2020-09-14,26.62,0.008333333333333526
2020-09-15,26.77,0.005634861006761804
2020-09-16,27.12,0.013074336944340681
2020-09-17,26.85,-0.009955752212389313
2020-09-18,26.88,0.0011173184357540222
2020-09-21,26.65,-0.008556547619047672
2020-09-22,26.3,-0.013133208255159401
2020-09-23,26.25,-0.0019011406844107182
2020-09-24,25.73,-0.019809523809523832
2020-09-25,25.76,0.0011659541391373374
2020-09-28,26.2,0.017080745341614856
2020-09-29,26.27,0.0026717557251909607
2020-09-30,26.36,0.003425961172440095
2020-10-05,26.39,0.0011380880121396597
2020-10-06,26.68,0.01098901098901095
2020-10-07,26.77,0.0033733133433282436
2020-10-08,27.04,0.010085917071348538
2020-10-12,27.25,0.0077662721893492215
2020-10-13,27.24,-0.0003669724770642979
2020-10-14,27.18,-0.0022026431718060735
2020-10-15,26.96,-0.008094186902133926
2020-10-16,26.85,-0.004080118694361978
2020-10-19,27.07,0.00819366852886394
2020-10-20,27.0,-0.002585888437384609
2020-10-21,26.98,-0.0007407407407407085
2020-10-22,27.03,0.0018532246108229344
2020-10-23,27.05,0.0007399186089529497
2020-10-26,27.07,0.0007393715341958984
2020-10-27,26.94,-0.004802364240857004
2020-10-28,26.85,-0.0033407572383072903
2020-10-29,26.6,-0.009310986964618295
2020-10-30,26.33,-0.010150375939849687
2020-11-02,26.43,0.0037979491074819904
2020-11-03,26.74,0.011729095724555272
2020-11-04,27.13,0.014584891548242274
2020-11-05,27.14,0.00036859565057145716
2020-11-06,27.26,0.00442151805453217
2020-11-09,27.58,0.011738811445340946
2020-11-10,27.48,-0.0036258158085568093
2020-11-11,27.9,0.015283842794759694
2020-11-12,27.84,-0.0021505376344085336
2020-11-13,27.97,0.004669540229885083
2020-11-16,28.75,0.027887021809081203
2020-11-17,28.3,0.005495652173913124
2020-11-18,28.51,0.007420494699646563
2020-11-19,28.44,-0.0024552788495264544
2020-11-20,28.45,0.00035161744022493835
2020-11-23,28.76,0.010896309314587072
2020-11-24,28.6,-0.0055632823365785455
2020-11-25,28.42,-0.0062937062937062915
2020-11-26,28.68,0.009148486980999238
2020-11-27,28.68,0.0
2020-11-30,28.38,-0.010460251046025104
2020-12-01,28.62,0.008456659619450413
2020-12-02,28.78,0.005590496156533842
2020-12-03,28.82,0.001389854065323215
2020-12-04,29.16,0.01179736294240108
2020-12-07,29.46,0.010288065843621519
2020-12-08,29.8,0.011541072640868899
2020-12-09,29.82,0.0006711409395971923
2020-12-10,29.55,-0.00905432595573441
2020-12-11,29.47,-0.002707275803722542
2020-12-14,29.39,-0.00271462504241593
2020-12-15,29.1,-0.009867301803334394
2020-12-16,29.55,0.015463917525773141
2020-12-17,29.44,-0.0037225042301184397
2020-12-18,29.4,-0.0013586956521740579
2020-12-21,29.68,0.00952380952380949
2020-12-22,29.34,-0.011455525606469008
2020-12-23,29.4,0.002044989775051187
2020-12-24,29.48,0.0027210884353741083
2020-12-25,29.55,0.002374491180461291
2020-12-28,29.87,0.010829103214889946
2020-12-29,29.85,-0.0006695681285571187
2020-12-30,30.29,0.014740368509212676
2020-12-31,30.41,0.003961703532519012
2021-01-04,30.87,0.015126603091088375
2021-01-05,30.88,0.00032393909944916643
2021-01-06,31.15,0.008743523316062207
2021-01-07,31.76,0.01958266452648494
2021-01-08,32.33,0.017947103274559062
2021-01-11,32.5,0.005258274048871137
2021-01-12,32.51,0.0003076923076923421
2021-01-13,33.11,0.01845585973546604
2021-01-14,32.9,-0.00634249471458781
2021-01-15,32.81,-0.0027355623100302484
2021-01-18,32.81,0.0
2021-01-19,33.55,0.02255409935995112
2021-01-20,33.55,0.0
2021-01-21,34.52,0.02891207153502262
2021-01-22,34.03,-0.014194669756662837
2021-01-25,33.63,-0.011754334410813971
2021-01-26,33.03,-0.017841213202497763
2021-01-27,33.05,0.0006055101422948184
2021-01-28,32.35,-0.021180030257185956
2021-01-29,31.96,-0.012055641421947483
2021-02-01,32.49,0.0165832290362955
2021-02-02,33.4,0.028008618036318822
2021-02-03,33.37,-0.0008982035928144505
2021-02-04,33.16,-0.006293077614623943
2021-02-05,33.45,0.0087454764776842
2021-02-17,34.91,0.043647234678624525
2021-02-18,34.92,0.00028645087367529243
2021-02-19,34.67,-0.0071592210767468245
2021-02-22,34.57,-0.0028843380444188993
2021-02-23,34.6,0.0008678044547296704
2021-02-24,34.07,-0.01531791907514457
2021-02-25,34.38,0.009098914000587044
2021-02-26,33.79,-0.01716114019778947
2021-03-02,33.75,-0.0011837821840781082
2021-03-03,33.86,0.003259259259259295
2021-03-04,33.28,-0.017129356172474797
2021-03-05,33.04,-0.007211538461538547
2021-03-08,33.06,0.000605326876513379
2021-03-09,33.02,-0.001209921355111887
2021-03-10,33.13,0.0033313143549362767
2021-03-11,33.7,0.017204950196196833
2021-03-12,33.81,0.003264094955489627
2021-03-15,33.8,-0.0002957704821060503
2021-03-16,33.85,0.0014792899408284654
2021-03-17,33.63,-0.006499261447562743
2021-03-18,33.73,0.0029735355337494607
2021-03-19,33.31,-0.012451823302697784
2021-03-22,33.42,0.0033023116181327694
2021-03-23,33.4,-0.0005984440454818163
2021-03-24,33.01,-0.011676646706586857
2021-03-25,33.14,0.003938200545289483
2021-03-26,33.65,0.015389257694628844
2021-03-29,33.86,0.006240713224368477
2021-03-30,33.93,0.0020673360897813797
2021-03-31,33.78,-0.004420866489831976
2021-04-01,34.0,0.006512729425695696
2021-04-06,34.49,0.014411764705882346
2021-04-07,34.54,0.0014496955639315967
2021-04-08,34.68,0.004053271569195216
2021-04-09,34.65,-0.0008650519031142556
2021-04-12,34.62,-0.0008658008658009031
2021-04-13,34.59,-0.0008665511265163461
2021-04-14,34.78,0.005492917028042665
2021-04-15,35.1,0.009200690051753835
2021-04-16,35.19,0.002564102564102555
2021-04-19,35.34,0.004262574595055524
2021-04-20,35.38,0.0011318619128466434
2021-04-21,35.07,-0.008762012436404842
2021-04-22,34.96,-0.0031365839749073476
2021-04-23,35.28,0.009153318077803174
2021-04-26,35.76,0.013605442176870763
2021-04-27,35.76,0.0
2021-04-28,35.7,-0.001677852348993203
2021-04-29,35.73,0.0008403361344535565
2021-05-03,35.21,-0.014553596417576142
2021-05-04,34.82,-0.011076398750355043
2021-05-05,34.72,-0.0028719126938541173
2021-05-06,35.01,0.008352534562211966
2021-05-07,35.6,0.016852327906312636
2021-05-10,35.48,-0.003370786516854074
2021-05-11,34.45,-0.029030439684329057
2021-05-12,33.2,-0.036284470246734424
2021-05-13,32.75,-0.013554216867469937
2021-05-14,33.12,0.011297709923663968
2021-05-17,32.87,-0.007548309178743939
2021-05-18,33.85,0.02981442044417415
2021-05-19,33.68,-0.005022156573116776
2021-05-20,33.46,-0.0065320665083135054
2021-05-21,33.9,0.013150029886431547
2021-05-24,33.89,-0.0002949852507374562
2021-05-25,34.4,0.015048686928297306
2021-05-26,34.45,0.0014534883720931369
2021-05-27,34.21,-0.006966618287373105
2021-05-28,34.8,0.017246419175679595
2021-05-31,35.1,0.008620689655172598
2021-06-01,35.2,0.002849002849002913
2021-06-02,35.2,0.0
2021-06-03,35.39,0.0053977272727272485
2021-06-04,35.2,-0.005368748233964382
2021-06-07,35.19,-0.0002840909090910948
2021-06-08,35.06,-0.003694231315714558
2021-06-09,34.8,-0.007415858528237451
2021-06-10,35.29,0.014080459770114961
2021-06-11,35.35,0.0017001983564750578
2021-06-15,35.64,0.008203677510608243
2021-06-16,35.67,0.0008417508417508657
2021-06-17,35.6,-0.0019624334174376257
2021-06-18,35.45,-0.004213483146067398
2021-06-21,34.8,-0.018335684062059432
2021-06-22,34.72,-0.0022988505747125743
2021-06-23,35.35,0.01814516129032273
2021-06-24,35.3,-0.0014144271570015743
2021-06-25,35.36,0.0016997167138810276
2021-06-28,35.53,0.004807692307692291
2021-06-29,35.6,0.0019701660568534063
2021-06-30,35.8,0.00561797752808979
2021-07-01,35.67,-0.0036312849162010163
2021-07-02,35.65,-0.0005606952621250993
2021-07-05,36.05,0.011220196353436185
2021-07-06,36.08,0.0008321775312067903
2021-07-07,35.94,-0.0038802660753880502
2021-07-08,35.88,-0.0016694490818028873
2021-07-09,35.61,-0.007525083612040184
2021-07-12,35.9,0.008143779837124443
2021-07-13,36.11,0.005849582172702039
2021-07-14,36.2,0.0024923843810580326
2021-07-15,36.46,0.007182320441988965
2021-07-16,36.0,-0.007899067471201393
2021-07-19,35.65,-0.009722222222222299
2021-07-20,35.23,-0.011781206171108005
2021-07-21,35.06,-0.004825432869713153
2021-07-22,35.37,0.008841985168282829
2021-07-23,35.36,-0.00028272547356511524
2021-07-26,35.06,-0.008484162895927572
2021-07-27,34.98,-0.0022818026240731815
2021-07-28,34.65,-0.009433962264150941
2021-07-29,35.15,0.01443001443001446
2021-07-30,34.93,-0.006258890469416745
2021-08-02,35.48,0.015745777268823202
2021-08-03,35.6,0.0033821871476888976
2021-08-04,35.82,0.006179775280898747
2021-08-05,35.82,0.0
2021-08-06,35.72,-0.0027917364600782424
2021-08-09,35.61,-0.003079507278835325
2021-08-10,35.4,-0.005897219882055604
2021-08-11,35.26,-0.00395480225988698
2021-08-12,35.16,-0.0028360748723766926
2021-08-13,34.84,-0.0091012514220703
2021-08-16,34.81,-0.000861079219288241
2021-08-17,34.44,-0.01062912956047124
2021-08-18,34.63,0.0055168408826946624
2021-08-19,33.88,-0.021657522379439742
2021-08-20,33.68,-0.005903187721369663
2021-08-23,34.48,0.02375296912114
2021-08-24,34.64,0.0046403712296985145
2021-08-25,35.09,0.012990762124711397
2021-08-26,35.24,0.004274722143060572
2021-08-27,35.57,0.009364358683314311
2021-08-30,35.94,0.01040202417767766
2021-08-31,36.16,0.006121313299944253
2021-09-01,36.1,-0.0016592920353980523
2021-09-02,35.77,-0.009141274238227082
2021-09-03,36.28,0.014257757897679468
2021-09-06,36.33,0.001378169790518191
2021-09-07,36.2,-0.003578309936691282
2021-09-08,35.91,-0.008011049723757102
2021-09-09,35.88,-0.0008354218880533004
2021-09-10,36.24,0.010033444816053505
2021-09-13,36.14,-0.0027593818984548157
2021-09-14,36.17,0.0008301051466519382
2021-09-15,36.0,-0.00470002764722155
2021-09-16,35.96,-0.0011111111111110628
2021-09-17,36.0,0.0011123470522802492
2021-09-22,35.26,-0.02055555555555566
2021-09-23,35.59,0.009359047078842941
2021-09-24,35.87,0.007867378477100173
2021-09-27,35.99,0.003345413994982005
2021-09-28,35.74,-0.006946373992775756
2021-09-29,35.13,-0.017067711247901518
2021-09-30,35.18,0.001423284941645342
2021-10-01,34.55,-0.01790790221716887
2021-10-04,34.39,-0.0046309696092617925
2021-10-05,34.26,-0.003780168653678473
2021-10-06,34.27,0.00029188558085246896
2021-10-07,34.86,0.017216224102713618
2021-10-08,34.68,-0.005163511187607606
2021-10-12,34.32,-0.01038062283737018
2021-10-13,34.16,-0.004662004662004726
2021-10-14,34.21,0.0014637002341921779
2021-10-15,35.09,0.025723472668810254
2021-10-18,34.99,-0.0028498147620404923
2021-10-19,35.31,0.009145470134324096
2021-10-20,35.3,-0.00028320589068264734
2021-10-21,35.15,-0.004249291784702458
2021-10-22,35.25,0.002844950213371389
2021-10-25,35.21,-0.0011347517730496692
2021-10-26,35.44,0.006532235160465749
2021-10-27,35.51,0.0019751693002256765
2021-10-28,35.44,-0.0019712756969867407
2021-10-29,35.23,-0.0059255079006772515
2021-11-01,35.37,0.003973885892705198
2021-11-02,35.41,0.001130901894260683
2021-11-03,35.55,0.003953685399604723
2021-11-04,35.44,-0.0030942334739803012
2021-11-05,35.85,0.011568848758465089
2021-11-08,36.2,0.009762900976290068
2021-11-09,36.57,0.010220994475138134
2021-11-10,36.53,-0.0010937927262782976
2021-11-11,36.32,-0.005748699698877702
2021-11-12,36.43,0.003028634361233573
2021-11-15,36.75,0.008783969256107582
2021-11-16,34.99,0.0010340136054423077
2021-11-17,35.06,0.002000571591883382
2021-11-18,35.31,0.007130633200228109
2021-11-19,35.35,0.0011328235627301453
2021-11-22,35.29,-0.0016973125884017781
2021-11-23,35.01,-0.007934258996883048
2021-11-24,34.86,-0.00428449014567267
2021-11-25,34.88,0.0005737234652898326
2021-11-26,34.36,-0.01490825688073405
2021-11-29,34.24,-0.0034924330616995514
2021-11-30,34.34,0.0029205607476636697
2021-12-01,34.78,0.012813046010483387
2021-12-02,35.08,0.008625646923519081
2021-12-03,35.11,0.0008551881413911833
2021-12-06,35.07,-0.0011392765593847276
2021-12-07,35.15,0.0022811519817507175
2021-12-08,35.26,0.0031294452347083723
2021-12-09,35.29,0.0008508224617129745
2021-12-10,35.18,-0.0031170303202040506
2021-12-13,35.07,-0.003126776577600854
2021-12-14,34.85,-0.006273167949814584
2021-12-15,34.8,-0.0014347202295553751
2021-12-16,35.18,0.010919540229885172
2021-12-17,35.15,-0.0008527572484366974
2021-12-20,34.85,-0.008534850640113723
2021-12-21,35.12,0.007747489239598115
2021-12-22,35.13,0.0002847380410024858
2021-12-23,35.3,0.004839168801593852
2021-12-24,35.35,0.0014164305949009304
2021-12-27,35.56,0.005940594059405946
2021-12-28,35.83,0.007592800899887342
2021-12-29,35.97,0.003907340217694788
2021-12-30,35.86,-0.003058103975535187
2022-01-03,36.0,0.003904071388733943
2022-01-04,36.61,0.01694444444444443
2022-01-05,36.56,-0.0013657470636437852
2022-01-06,36.32,-0.006564551422319487
2022-01-07,36.0,-0.008810572687224627
2022-01-10,36.12,0.0033333333333331883
2022-01-11,36.4,0.007751937984496138
2022-01-12,36.61,0.005769230769230749
2022-01-13,36.8,0.005189838841846317
2022-01-14,36.89,0.0024456521739131265
2022-01-17,37.24,0.009487666034155628
2022-01-18,36.85,-0.01047261009667022
2022-01-19,36.45,-0.01085481682496603
2022-01-20,36.5,0.00137174211248281
2022-01-21,35.81,-0.018904109589040985
2022-01-24,36.08,0.007539793353811719
2022-01-25,35.71,-0.010254988913525387
2022-01-26,35.65,-0.0016802016241950213
2022-02-07,35.96,0.008695652173913215
2022-02-08,36.0,0.0011123470522802492
2022-02-09,36.23,0.006388888888888777
2022-02-10,36.56,0.0091084736406295
2022-02-11,36.52,-0.001094091903719896
2022-02-14,36.05,-0.012869660460022025
2022-02-15,35.9,-0.004160887656033285
2022-02-16,36.44,0.015041782729805053
2022-02-17,36.45,0.0002744237102088043
2022-02-18,36.39,-0.0016460905349794386
2022-02-21,36.38,-0.0002748007694420851
2022-02-22,35.92,-0.012644310060472841
2022-02-23,36.05,0.003619153674832898
2022-02-24,35.18,-0.024133148404993032
2022-02-25,35.16,-0.0005685048322912056
2022-03-01,35.61,0.012798634812286824
2022-03-02,35.42,-0.005335579893288367
2022-03-03,35.49,0.0019762845849802257
2022-03-04,35.17,-0.009016624401239848
2022-03-07,34.15,-0.029001990332669925
2022-03-08,33.34,-0.023718887262078936
2022-03-09,33.78,0.01319736052789433
2022-03-10,34.59,0.023978685612788597
2022-03-11,34.22,-0.010696733159872962
2022-03-14,34.22,0.0
2022-03-15,33.6,-0.018118059614260607
2022-03-16,33.74,0.004166666666666652
2022-03-17,34.71,0.02874925903971537
2022-03-18,34.65,-0.0017286084701815252
2022-03-21,34.78,0.0037518037518038394
2022-03-22,34.78,0.0
2022-03-23,35.13,0.010063254744105743
2022-03-24,35.12,-0.000284656988329246
2022-03-25,35.12,0.0
2022-03-28,34.82,-0.008542141230068245
2022-03-29,34.85,0.000861573808156324
2022-03-30,35.22,0.010616929698708644
2022-03-31,35.13,-0.0025553662691651935
2022-04-01,34.93,-0.005693139766581368
2022-04-06,34.75,-0.005153163469796773
2022-04-07,34.19,-0.016115107913669102
2022-04-08,34.36,0.004972214097689331
2022-04-11,33.87,-0.014260768335273677
2022-04-12,33.87,0.0
2022-04-13,34.42,0.016238559196929625
2022-04-14,34.33,-0.0026147588611273864
2022-04-15,33.8,-0.015438392076900675
2022-04-18,33.65,-0.004437869822485174
2022-04-19,33.77,0.0035661218424964947
2022-04-20,33.91,0.004145691442108079
2022-04-21,33.97,0.0017693895606016863
2022-04-22,33.75,-0.006476302619958796
2022-04-25,33.14,-0.01807407407407402
2022-04-26,33.13,-0.0003017501508749687
2022-04-27,32.5,-0.019015997585270172
2022-04-28,32.66,0.004923076923076808
2022-04-29,33.03,0.011328842620943247
2022-05-03,32.79,-0.0072661217075387086
2022-05-04,32.85,0.0018298261665141702
2022-05-05,33.12,0.008219178082191636
2022-05-06,32.61,-0.015398550724637583
2022-05-09,32.01,-0.01839926402943881
2022-05-10,31.88,-0.0040612308653545925
2022-05-11,31.88,0.0
2022-05-12,31.07,-0.025407779171894518
2022-05-13,31.44,0.011908593498551667
2022-05-16,31.57,0.0041348600508905875
2022-05-17,31.89,0.010136205258156394
2022-05-18,32.25,0.011288805268109048
2022-05-19,31.67,-0.01798449612403097
2022-05-20,31.94,0.008525418377012928
2022-05-23,31.99,0.0015654351909830666
2022-05-24,31.64,-0.01094091903719907
2022-05-25,31.88,0.007585335018963191
2022-05-26,31.51,-0.011606022584692566
2022-05-27,32.07,0.01777213582989523
2022-05-30,32.8,0.02276270657935764
2022-05-31,33.07,0.008231707317073234
2022-06-01,32.97,-0.003023888720895096
2022-06-02,32.67,-0.009099181073703333
2022-06-06,32.84,0.005203550658096079
2022-06-07,32.53,-0.009439707673568942
2022-06-08,32.9,0.011374116200430384
2022-06-09,32.76,-0.004255319148936176
2022-06-10,32.49,-0.008241758241758101
2022-06-13,31.69,-0.02462296091104954
2022-06-14,31.62,-0.0022088987062164334
2022-06-15,31.49,-0.004111321948134128
2022-06-16,31.32,-0.005398539218799514
2022-06-17,31.0,-0.010217113665389577
2022-06-20,30.65,-0.011290322580645218
2022-06-21,31.27,0.02022838499184343
2022-06-22,30.63,-0.02046690118324279
2022-06-23,30.33,-0.009794319294809006
2022-06-24,30.42,0.0029673590504453173
2022-06-27,31.01,0.01939513477975008
2022-06-28,30.79,-0.007094485649790427
2022-06-29,30.51,-0.009093861643390655
2022-06-30,29.76,-0.024582104228121904
2022-07-01,28.92,-0.028225806451612878
2022-07-04,28.57,-0.01210235131396964
2022-07-05,28.7,0.004550227511375571
2022-07-06,28.14,-0.019512195121951126
2022-07-07,28.91,0.027363184079602032
2022-07-08,29.17,0.008993427879626426
2022-07-11,28.95,-0.007541995200548546
2022-07-12,28.22,-0.025215889464594188
2022-07-13,29.15,0.032955350815024875
2022-07-14,29.31,0.005488850771869558
2022-07-15,29.73,0.014329580348004134
2022-07-18,28.51,0.008846283215607098
2022-07-19,28.43,-0.00280603297088744
2022-07-20,28.51,0.00281392894829402
2022-07-21,28.86,0.012276394247632272
2022-07-22,28.9,0.001386001386001423
2022-07-25,28.93,0.0010380622837371511
2022-07-26,28.75,-0.006221914967162068
2022-07-27,28.93,0.00626086956521732
2022-07-28,29.0,0.0024196335983408535
2022-07-29,29.21,0.007241379310344964
2022-08-01,29.16,-0.001711742553919926
2022-08-02,28.75,-0.014060356652949246
2022-08-03,28.8,0.0017391304347826875
2022-08-04,28.84,0.001388888888888884
2022-08-05,29.49,0.022538141470180184
2022-08-08,29.47,-0.0006781959986436048
2022-08-09,29.47,0.0
2022-08-10,29.22,-0.008483203257550032
2022-08-11,29.74,0.017796030116358663
2022-08-12,29.97,0.00773369199731011
2022-08-15,30.21,0.00800800800800805
2022-08-16,30.23,0.0006620324395896215
2022-08-17,30.27,0.0013231888852134333
2022-08-18,30.14,-0.004294681202510753
2022-08-19,30.17,0.0009953550099535136
2022-08-22,29.83,-0.011269472986410456
2022-08-23,29.44,-0.013074086490110548
2022-08-24,29.36,-0.0027173913043478937
2022-08-25,29.59,0.00783378746593999
2022-08-26,29.77,0.006083136194660277
2022-08-29,29.03,-0.024857238831037853
2022-08-30,29.09,0.0020668274199104886
2022-08-31,29.28,0.0065314541079408706
2022-09-01,28.69,-0.020150273224043724
2022-09-02,28.41,-0.009759498082955731
2022-09-05,28.47,0.002111932418162654
2022-09-06,28.56,0.0031612223393044925
2022-09-07,27.95,-0.021358543417366982
2022-09-08,28.2,0.008944543828264706
2022-09-12,28.71,0.018085106382978777
2022-09-13,28.84,0.004528039010797569
2022-09-14,28.3,-0.018723994452149784
2022-09-15,28.41,0.003886925795052898
2022-09-16,28.13,-0.009855684618092275
2022-09-19,27.97,-0.0056878777106291745
2022-09-20,28.13,0.005720414730068013
2022-09-21,27.94,-0.006754354781372096
2022-09-22,27.56,-0.013600572655690812
2022-09-23,27.35,-0.007619738751814098
2022-09-26,26.84,-0.0186471663619745
2022-09-27,26.75,-0.003353204172876323
2022-09-28,26.23,-0.01943925233644861
2022-09-29,26.16,-0.002668699961875687
2022-09-30,25.86,-0.011467889908256867
2022-10-03,25.62,-0.009280742459396696
2022-10-04,26.15,0.02068696330991404
2022-10-05,26.72,0.02179732313575533
2022-10-06,26.84,0.004491017964071808
2022-10-07,26.43,-0.01527570789865873
2022-10-11,25.31,-0.04237608777903901
2022-10-12,25.15,-0.006321612011062849
2022-10-13,24.75,-0.015904572564612307
2022-10-14,25.35,0.0242424242424244
2022-10-17,25.0,-0.013806706114398493
2022-10-18,25.26,0.010399999999999965
2022-10-19,25.02,-0.009501187648456089
2022-10-20,24.91,-0.0043964828137489365
2022-10-21,24.84,-0.002810116419108777
2022-10-24,24.84,0.0
2022-10-25,24.46,-0.015297906602254385
2022-10-26,24.6,0.005723630417007408
2022-10-27,24.9,0.012195121951219301
2022-10-28,24.61,-0.011646586345381515
2022-10-31,24.9,0.011783827712312123
2022-11-01,25.05,0.006024096385542244
2022-11-02,25.17,0.004790419161676773
2022-11-03,24.88,-0.011521652761223744
2022-11-04,24.93,0.002009646302250756
2022-11-07,25.35,0.016847172081829287
2022-11-08,25.61,0.01025641025641022
2022-11-09,26.16,0.02147598594299094
2022-11-10,25.96,-0.007645259938837912
2022-11-11,27.15,0.04583975346687197
2022-11-14,27.32,0.006261510128913406
2022-11-15,28.33,0.036969253294289794
2022-11-16,27.78,2.220446049250313e-16
2022-11-17,27.75,-0.001079913606911509
2022-11-18,27.66,-0.00324324324324321
2022-11-21,27.6,-0.002169197396963085
2022-11-22,27.7,0.0036231884057971175
2022-11-23,27.92,0.007942238267148127
2022-11-24,28.21,0.010386819484240695
2022-11-25,28.17,-0.0014179369018078036
2022-11-28,27.74,-0.015264465743699107
2022-11-29,27.98,0.008651766402307137
2022-11-30,28.21,0.008220157255182325
2022-12-01,28.59,0.013470400567174634
2022-12-02,28.38,-0.007345225603357819
2022-12-05,28.41,0.0010570824524314126
2022-12-06,27.99,-0.014783526927138357
2022-12-07,27.82,-0.006073597713469048
2022-12-08,27.53,-0.01042415528396834
2022-12-09,27.87,0.012350163458045849
2022-12-12,27.69,-0.006458557588805203
2022-12-13,27.55,-0.005055976886962799
2022-12-14,27.9,0.012704174228675091
2022-12-15,27.92,0.0007168458781363629
2022-12-16,27.47,-0.01611747851002876
2022-12-19,27.37,-0.0036403349108117267
2022-12-20,26.9,-0.017172086225794803
2022-12-21,26.95,0.0018587360594795044
2022-12-22,27.38,0.01595547309833023
2022-12-23,27.02,-0.013148283418553675
2022-12-26,27.12,0.0037009622501851247
2022-12-27,27.2,0.002949852507374562
2022-12-28,26.84,-0.013235294117647012
2022-12-29,26.71,-0.004843517138599096
2022-12-30,26.9,0.007113440658929049
2023-01-03,27.0,0.003717472118959231
2023-01-04,26.95,-0.0018518518518518823
2023-01-05,27.07,0.0044526901669759145
2023-01-06,27.24,0.006280014776505194
2023-01-09,28.0,0.027900146842878115
2023-01-10,28.18,0.00642857142857145
2023-01-11,28.12,-0.002129169623846683
2023-01-12,28.1,-0.0007112375533427917
2023-01-13,28.35,0.008896797153024938
2023-01-16,28.5,0.005291005291005346
2023-01-17,28.47,-0.001052631578947416
2023-01-30,29.65,0.041447137337548234
2023-01-31,29.2,-0.015177065767284947
2023-02-01,29.38,0.006164383561643838
2023-02-02,29.75,0.012593601089176287
2023-02-03,29.74,-0.0003361344537815558
2023-02-06,29.4,-0.01143241425689312
2023-02-07,29.31,-0.003061224489795955
2023-02-08,29.72,0.013988399863527734
2023-02-09,29.7,-0.0006729475100941684
2023-02-10,29.72,0.0006734006734006037
2023-02-13,29.65,-0.0023553162853297005
2023-02-14,29.87,0.007419898819561732
2023-02-15,29.26,-0.020421827920990898
2023-02-16,29.62,0.012303485987696483
2023-02-17,29.36,-0.008777852802160702
2023-02-20,29.49,0.004427792915531192
2023-02-21,29.43,-0.0020345879959308144
2023-02-22,29.2,-0.007815154604145391
2023-02-23,29.54,0.011643835616438336
2023-02-24,29.42,-0.004062288422477911
2023-03-01,29.53,0.00373895309313399
2023-03-02,29.51,-0.0006772773450728353
2023-03-03,29.59,0.002710945442222945
2023-03-06,29.83,0.00811084825954711
2023-03-07,30.01,0.006034193764666629
2023-03-08,29.84,-0.005664778407197701
2023-03-09,29.85,0.00033512064343166337
2023-03-10,29.43,-0.014070351758794009
2023-03-13,29.55,0.004077471967380175
2023-03-14,29.2,-0.011844331641285955
2023-03-15,29.23,0.001027397260274121
2023-03-16,29.07,-0.005473828258638402
2023-03-17,29.38,0.010663914688682441
2023-03-20,29.27,-0.0037440435670523797
2023-03-21,29.43,0.005466347796378557
2023-03-22,29.92,0.01664967720013588
2023-03-23,30.14,0.007352941176470562
2023-03-24,30.27,0.00431320504313204
2023-03-27,30.17,-0.0033036009250081433
2023-03-28,29.93,-0.007954922108054374
2023-03-29,30.03,0.003341129301704049
2023-03-30,30.24,0.006993006993006867
2023-03-31,30.3,0.001984126984126977
2023-04-06,30.11,-0.006270627062706313
2023-04-07,30.18,0.0023248090335437066
2023-04-10,30.2,0.000662690523525411
2023-04-11,30.2,0.0
2023-04-12,30.16,-0.0013245033112582183
2023-04-13,29.98,-0.005968169761273234
2023-04-14,30.2,0.007338225483655814
2023-04-17,30.14,-0.001986754966887383
2023-04-18,30.06,-0.002654280026542888
2023-04-19,29.85,-0.006986027944111739
2023-04-20,29.81,-0.0013400335008375563
2023-04-21,29.69,-0.004025494800402485
2023-04-24,29.63,-0.002020882452004158
2023-04-25,29.26,-0.012487343908201054
2023-04-26,29.12,-0.004784688995215336
2023-04-27,29.15,0.0010302197802196655
2023-04-28,29.47,0.010977701543739338
2023-05-02,29.5,0.001017984390905946
2023-05-03,29.38,-0.004067796610169538
2023-05-04,29.45,0.0023825731790334537
2023-05-05,29.48,0.0010186757215620013
2023-05-08,29.66,0.006105834464043447
2023-05-09,29.77,0.0037086985839513975
2023-05-10,29.56,-0.007054081289889158
2023-05-11,29.42,-0.004736129905277275
2023-05-12,29.34,-0.002719238613188346
2023-05-15,29.39,0.001704158145875878
2023-05-16,29.73,0.011568560734943834
2023-05-17,30.16,0.014463504877228361
2023-05-18,30.51,0.011604774535808993
2023-05-19,30.62,0.003605375286791279
2023-05-22,30.59,-0.0009797517962116808
2023-05-23,30.6,0.0003269042170643832
2023-05-24,30.51,-0.002941176470588225
2023-05-25,30.76,0.008194034742707412
2023-05-26,31.38,0.020156046814044037
2023-05-29,31.56,0.005736137667303964
2023-05-30,31.56,0.0
2023-05-31,31.46,-0.003168567807350975
2023-06-01,31.28,-0.005721551176096629
2023-06-02,31.66,0.012148337595907943
2023-06-05,31.59,-0.002210991787744754
2023-06-06,31.8,0.006647673314339908
2023-06-07,32.05,0.007861635220125729
2023-06-08,31.72,-0.01029641185647423
2023-06-09,31.98,0.00819672131147553
2023-06-12,32.17,0.0059412132582865596
2023-06-13,32.74,0.01771837115324848
2023-06-14,32.76,0.0006108735491752171
2023-06-15,32.92,0.004884004884005089
2023-06-16,32.89,-0.0009113001215067529
2023-06-19,32.85,-0.0012161751292185663
2023-06-20,32.71,-0.004261796042618005
2023-06-21,32.75,0.001222867624579571
2023-06-26,32.56,-0.005801526717557182
2023-06-27,32.34,-0.006756756756756688
2023-06-28,32.36,0.000618429189857661
2023-06-29,32.37,0.00030902348578476513
2023-06-30,32.46,0.002780352177942591
2023-07-03,32.85,0.01201478743068396
2023-07-04,32.97,0.0036529680365295913
2023-07-05,32.82,-0.0045495905368516665
2023-07-06,32.29,-0.01614868982327855
2023-07-07,32.12,-0.005264787860018605
2023-07-10,32.08,-0.001245330012453305
2023-07-11,32.55,0.014650872817955074
2023-07-12,32.73,0.0055299539170505785
2023-07-13,33.0,0.008249312557286892
2023-07-14,33.34,0.01030303030303048
2023-07-17,33.33,-0.0002999400119977347
2023-07-18,32.56,-0.0011401140114010166
2023-07-19,32.39,-0.0052211302211302435
2023-07-20,32.41,0.000617474529175599
2023-07-21,32.1,-0.009564949089787
2023-07-24,32.19,0.002803738317756821
2023-07-25,32.48,0.009009009009008917
2023-07-26,32.41,-0.0021551724137931494
2023-07-27,32.56,0.004628201172477864
2023-07-28,32.6,0.0012285012285011554
2023-07-31,32.3,-0.00920245398773023
2023-08-01,32.49,0.005882352941176672
2023-08-02,32.0,-0.01508156355801793
2023-08-04,31.9,-0.0031250000000000444
2023-08-07,32.21,0.009717868338558144
2023-08-08,31.88,-0.010245265445513851
2023-08-09,31.87,-0.00031367628607270603
2023-08-10,31.61,-0.008158142453718265
2023-08-11,31.6,-0.00031635558367604233
2023-08-14,31.18,-0.0132911392405064
2023-08-15,31.27,0.0028864656831302238
2023-08-16,31.12,-0.004796929964822505
2023-08-17,31.32,0.006426735218509005
2023-08-18,31.12,-0.0063856960408684715
2023-08-21,31.0,-0.003856041131105381
2023-08-22,31.18,0.005806451612903274
2023-08-23,31.42,0.007697241821680523
2023-08-24,31.82,0.012730744748567835
2023-08-25,31.22,-0.018856065367693353
2023-08-28,31.35,0.004163997437540035
2023-08-29,31.54,0.006060606060605878
2023-08-30,31.66,0.0038046924540267035
2023-08-31,31.46,-0.006317119393556503
2023-09-01,31.46,0.0
2023-09-04,31.69,0.007310870947234704
2023-09-05,31.65,-0.001262227832123819
2023-09-06,31.57,-0.0025276461295418162
2023-09-07,31.33,-0.007602153943617407
2023-09-08,31.23,-0.0031918289179698744
2023-09-11,31.04,-0.006083893691962938
2023-09-12,31.27,0.007409793814433074
2023-09-13,31.32,0.001598976654940909
2023-09-14,31.7,0.012132822477650018
2023-09-15,31.93,0.007255520504731772
2023-09-18,31.55,-0.011901033510804848
2023-09-19,31.4,-0.004754358161648264
2023-09-20,31.24,-0.005095541401273884
2023-09-21,30.86,-0.01216389244558258
2023-09-22,30.8,-0.0019442644199610948
2023-09-25,30.99,0.006168831168831046
2023-09-26,30.62,-0.011939335269441687
2023-09-27,30.69,0.002286087524493885
2023-09-28,30.79,0.003258390355164398
2023-10-02,31.14,0.011367327054238485
2023-10-03,30.96,-0.00578034682080919
2023-10-04,30.59,-0.011950904392764916
2023-10-05,30.97,0.012422360248447228
2023-10-06,31.12,0.0048433968356473844
2023-10-11,31.56,0.014138817480719768
2023-10-12,31.81,0.00792141951837766
2023-10-13,31.74,-0.002200565859792558
2023-10-16,31.58,-0.00504095778197855
2023-10-17,31.55,-0.0009499683343887622
2023-10-18,31.21,-0.010776545166402585
2023-10-19,31.25,0.001281640499839698
2023-10-20,31.27,0.0006399999999999739
2023-10-23,30.9,-0.011832427246562194
2023-10-24,30.93,0.000970873786407811
2023-10-25,30.98,0.0016165535079211146
2023-10-26,30.44,-0.017430600387346673
2023-10-27,30.54,0.003285151116951379
2023-10-30,30.53,-0.00032743942370649926
2023-10-31,30.33,-0.0065509335080249365
2023-11-01,30.4,0.002307945928123889
2023-11-02,31.09,0.022697368421052744
2023-11-03,31.31,0.007076230299131625
2023-11-06,31.58,0.008623442989460273
2023-11-07,31.59,0.0003166561114629207
2023-11-08,31.71,0.003798670465337217
2023-11-09,31.77,0.0018921475875117721
2023-11-10,31.64,-0.004091910607491367
2023-11-13,32.04,0.012642225031605614
2023-11-14,32.15,0.0034332084893882175
2023-11-15,32.55,0.012441679626749469
2023-11-16,31.54,0.0015975422427034758
2023-11-17,31.54,0.0
2023-11-20,31.48,-0.0019023462270132407
2023-11-21,31.85,0.011753494282083832
2023-11-22,31.58,-0.008477237048665764
2023-11-23,31.59,0.0003166561114629207
2023-11-24,31.58,-0.00031655587211143477
2023-11-27,31.4,-0.005699810006333128
2023-11-28,31.65,0.0079617834394905
2023-11-29,31.6,-0.0015797788309636074
2023-11-30,31.68,0.0025316455696202667
2023-12-01,31.7,0.0006313131313131493
2023-12-04,31.72,0.0006309148264984632
2023-12-05,31.5,-0.0069356872635560896
2023-12-06,31.63,0.004126984126984201
2023-12-07,31.43,-0.006323110970597456
2023-12-08,31.63,0.006363347120585505
2023-12-11,31.64,0.0003161555485298173
2023-12-12,31.73,0.0028445006321111688
2023-12-13,31.75,0.0006303183107470023
2023-12-14,32.07,0.010078740157480226
2023-12-15,32.15,0.002494543186778886
2023-12-18,32.18,0.0009331259720062324
2023-12-19,32.09,-0.002796768178993103
2023-12-20,32.21,0.0037394827048924384
2023-12-21,31.97,-0.007451102142191912
2023-12-22,32.05,0.0025023459493274114
2023-12-25,32.11,0.0018720748829954559
2023-12-26,32.39,0.008720024914356861
2023-12-27,32.62,0.007100957085520054
2023-12-28,32.63,0.00030656039239751465
2023-12-29,32.54,-0.002758197977321575
2024-01-02,32.49,-0.001536570374923052
2024-01-03,31.99,-0.015389350569406046
2024-01-04,32.01,0.0006251953735543214
2024-01-05,31.89,-0.0037488284910964786
2024-01-08,32.09,0.006271558482283002
2024-01-09,32.03,-0.0018697413524463302
2024-01-10,31.9,-0.004058694973462451
2024-01-11,32.02,0.0037617554858935254
2024-01-12,31.91,-0.003435352904434863
2024-01-15,32.03,0.003760576621748779
2024-01-16,31.72,-0.00967842647517958
2024-01-17,31.49,-0.007250945775535977
2024-01-18,31.62,0.004128294696729151
2024-01-19,32.5,0.027830487033523088
2024-01-22,32.62,0.0036923076923076614
2024-01-23,32.74,0.0036787247087677333
2024-01-24,32.72,-0.0006108735491754391
2024-01-25,33.05,0.01008557457212711
2024-01-26,33.05,0.0
2024-01-29,33.27,0.006656580937973056
2024-01-30,33.18,-0.0027051397655546428
2024-01-31,32.82,-0.010849909584086825
2024-02-01,32.94,0.003656307129798808
2024-02-02,33.07,0.003946569520340004
2024-02-05,33.19,0.003628666465073982
2024-02-15,34.41,0.03675805965652312
2024-02-16,34.23,-0.005231037489102031
2024-02-19,34.21,-0.0005842827928715932
2024-02-20,34.43,0.006430868167202508
2024-02-21,34.36,-0.002033110659308779
2024-02-22,34.58,0.00640279394644927
2024-02-23,34.76,0.005205320994794649
2024-02-26,34.86,0.0028768699654775354
2024-02-27,34.7,-0.004589787722317773
2024-02-29,34.74,0.0011527377521614035
2024-03-01,34.67,-0.002014968336211842
2024-03-04,35.4,0.021055667724257265
2024-03-05,35.71,0.008757062146892647
2024-03-06,35.86,0.004200504060487109
2024-03-07,36.56,0.019520356943669936
2024-03-08,36.97,0.011214442013129045
2024-03-11,36.71,-0.0070327292399242625
2024-03-12,37.07,0.00980659220920721
2024-03-13,37.22,0.004046398705152443
2024-03-14,37.16,-0.001612036539494932
2024-03-15,36.88,-0.007534983853605848
2024-03-18,37.04,0.00433839479392617
2024-03-19,37.09,0.0013498920086394417
2024-03-20,36.9,-0.005122674575357422
2024-03-21,37.77,0.02357723577235782
2024-03-22,37.76,-0.000264760391845531
2024-03-25,37.7,-0.0015889830508473146
2024-03-26,37.81,0.002917771883289122
2024-03-27,37.81,0.0
2024-03-28,37.76,-0.0013224014810897522
2024-03-29,37.95,0.005031779661017088
2024-04-01,37.74,-0.005533596837944632
2024-04-02,38.3,0.01483836777954406
2024-04-03,37.99,-0.008093994778067715
2024-04-08,38.22,0.00605422479599893
2024-04-09,38.96,0.01936159079016231
2024-04-10,38.9,-0.0015400410677618437
2024-04-11,38.86,-0.0010282776349613831
2024-04-12,38.82,-0.0010293360782295258
2024-04-15,38.47,-0.00901597114889241
2024-04-16,37.29,-0.030673251884585362
2024-04-17,37.77,0.012872083668543866
2024-04-18,38.06,0.007678051363515959
2024-04-19,36.44,-0.042564372044140986
2024-04-22,36.37,-0.0019209659714599647
2024-04-23,36.7,0.009073412152873495
2024-04-24,37.65,0.02588555858310615
2024-04-25,37.05,-0.015936254980079667
2024-04-26,37.63,0.01565452091767905
2024-04-29,38.25,0.01647621578527758
2024-04-30,38.19,-0.0015686274509804088
2024-05-02,37.69,-0.01309243257397219
2024-05-03,37.82,0.00344919076678174
2024-05-06,38.42,0.015864621893178166
2024-05-07,38.63,0.005465903175429387
2024-05-08,38.69,0.001553196997152284
2024-05-09,38.57,-0.0031015766347892715
2024-05-10,38.93,0.009333679025149033
2024-05-13,39.21,0.007192396609298823
2024-05-14,39.47,0.0066309614894159985
2024-05-15,39.86,0.009880922219407173
2024-05-16,40.1,0.006021073758153639
2024-05-17,40.04,-0.0014962593516210099
2024-05-20,40.01,-0.0007492507492508071
2024-05-21,39.94,-0.0017495626093476657
2024-05-22,40.62,0.01702553830746112
2024-05-23,40.82,0.00492368291482026
2024-05-24,40.73,-0.0022048015678589605
2024-05-27,41.2,0.011539405843358885
2024-05-28,41.4,0.004854368932038833
2024-05-29,40.92,-0.01159420289855062
2024-05-30,40.23,-0.016862170087976636
2024-05-31,40.0,-0.005717126522495564
2024-06-03,40.62,0.015499999999999847
2024-06-04,40.15,-0.011570654849827666
2024-06-05,40.52,0.009215442092154635
2024-06-06,41.59,0.026406712734452054
2024-06-07,41.33,-0.006251502765087902
2024-06-11,41.37,0.0009678199854827874
2024-06-12,41.82,0.010877447425670761
2024-06-13,42.41,0.014108082257292986
2024-06-14,42.68,0.00636642301344037
2024-06-17,42.71,0.0007029053420806175
2024-06-18,43.35,0.01498478108171386
2024-06-19,44.58,0.02837370242214532
2024-06-20,44.87,0.006505159264243998
2024-06-21,44.6,-0.006017383552484823
2024-06-24,43.64,-0.021524663677130018
2024-06-25,43.64,0.0
2024-06-26,43.97,0.007561869844179503
2024-06-27,43.91,-0.001364566750056917
2024-06-28,44.22,0.007059895240264291
2024-07-01,44.26,0.0009045680687471691
2024-07-02,44.01,-0.005648441030275619
2024-07-03,44.49,0.010906612133606108
2024-07-04,45.43,0.02112834344796588
2024-07-05,45.31,-0.0026414263702398966
2024-07-08,46.48,0.02582211432354886
2024-07-09,46.43,-0.001075731497418131
2024-07-10,46.66,0.0049536937325005415
2024-07-11,47.55,0.019074153450493014
2024-07-12,46.33,-0.02565720294426921
2024-07-15,46.28,-0.0010792143319662273
2024-07-16,46.08,0.004645635263612613
2024-07-17,45.61,-0.01019965277777779
2024-07-18,44.75,-0.018855514141635554
2024-07-19,43.85,-0.020111731843575398
2024-07-22,42.6,-0.02850627137970352
2024-07-23,43.63,0.02417840375586855
2024-07-26,42.17,-0.03346321338528535
2024-07-29,42.59,0.009959686981266369
2024-07-30,42.55,-0.0009391876027238233
2024-07-31,42.55,0.0
2024-08-01,43.25,0.016451233842538215
2024-08-02,41.31,-0.044855491329479746
2024-08-05,37.77,-0.08569353667392876
2024-08-06,39.49,0.045538787397405356
2024-08-07,40.84,0.03418586984046601
2024-08-08,40.14,-0.017140058765915844
2024-08-09,41.32,0.02939711011459889
2024-08-12,41.78,0.011132623426912014
2024-08-13,41.92,0.003350885591191899
2024-08-14,42.42,0.011927480916030575
2024-08-15,42.16,-0.006129184347006267
2024-08-16,42.97,0.019212523719165153
2024-08-19,42.97,0.0
2024-08-20,43.04,0.0016290435187340524
2024-08-21,42.78,-0.0060408921933085
2024-08-22,42.46,-0.007480130902290827
2024-08-23,42.5,0.0009420631182288641
2024-08-26,42.56,0.0014117647058824456
2024-08-27,42.45,-0.0025845864661654394
2024-08-28,42.97,0.012249705535924527
2024-08-29,42.3,-0.015592273679311153
2024-08-30,42.39,0.0021276595744681437
2024-09-02,42.4,0.0002359046945032972
2024-09-03,42.29,-0.0025943396226415505
2024-09-04,40.47,-0.04303617876566568
2024-09-05,40.6,0.0032122559920930716
2024-09-06,41.14,0.013300492610837322
2024-09-09,40.52,-0.015070491006319853
2024-09-10,40.61,0.0022211253701873712
2024-09-11,40.43,-0.004432405811376494
2024-09-12,41.7,0.03141231758595109
2024-09-13,41.88,0.004316546762589857
2024-09-16,42.12,0.005730659025787732
2024-09-18,41.76,-0.008547008547008517
2024-09-19,42.33,0.013649425287356243
2024-09-20,42.82,0.01157571462319873
2024-09-23,43.01,0.004437178888369919
2024-09-24,43.37,0.0083701464775634
2024-09-25,44.08,0.0163707632003689
2024-09-26,44.29,0.0047640653357532425
2024-09-27,44.21,-0.001806276811921359
2024-09-30,43.04,-0.026464600769056768
2024-10-01,43.2,0.003717472118959231
2024-10-04,43.17,-0.000694444444444442
2024-10-07,44.1,0.02154273801250861
2024-10-08,43.87,-0.005215419501133911
2024-10-09,44.3,0.009801686801914844
2024-10-11,44.87,0.012866817155756216
2024-10-14,44.92,0.0011143302874974115
2024-10-15,45.75,0.018477292965271452
2024-10-16,45.11,-0.013989071038251422
2024-10-17,45.22,0.0024384837064952425
2024-10-18,46.2,0.021671826625387025
2024-10-21,46.2,0.0
2024-10-22,46.08,-0.0025974025974027093
2024-10-23,45.85,-0.00499131944444442
2024-10-24,45.58,-0.0058887677208288025
2024-10-25,45.91,0.007240017551557676
2024-10-28,45.8,-0.002395992158571114
2024-10-29,44.93,-0.018995633187772865
2024-10-30,44.93,0.0
2024-11-01,44.61,-0.00712219007344761
2024-11-04,45.17,0.0125532391840395
2024-11-05,45.27,0.002213858755811371
2024-11-06,45.59,0.0070686989176054205
2024-11-07,46.04,0.009870585654748742
2024-11-08,46.41,0.008036490008688002
2024-11-11,46.45,0.0008618832148246103
2024-11-12,45.4,-0.02260495156081821
2024-11-13,45.18,-0.004845814977973539
2024-11-14,44.82,-0.007968127490039834
2024-11-15,45.0,0.004016064257028162
2024-11-18,43.86,-0.01200000000000001
2024-11-19,44.34,0.010943912448700521
2024-11-20,44.1,-0.005412719891745632
2024-11-21,43.74,-0.008163265306122436
2024-11-22,44.51,0.017604023776863098
2024-11-25,44.37,-0.0031453605931252016
2024-11-26,44.09,-0.006310570205093402
2024-11-27,43.25,-0.01905193921524162
2024-11-28,43.14,-0.0025433526011560126
2024-11-29,43.24,0.0023180343069078013
2024-12-02,44.1,0.019888991674375633
2024-12-03,44.52,0.00952380952380949
2024-12-04,44.83,0.006963162623539798
2024-12-05,44.97,0.003122908766451049
2024-12-06,44.94,-0.0006671114076051143
2024-12-09,44.98,0.0008900756564307333
2024-12-10,44.75,-0.005113383726100373
2024-12-11,44.33,-0.009385474860335252
2024-12-12,44.8,0.010602300924881458
2024-12-13,44.81,0.0002232142857143682
2024-12-16,44.97,0.0035706315554562273
2024-12-17,45.03,0.0013342228152102287
2024-12-18,45.06,0.0006662225183211579
2024-12-19,44.62,-0.009764758100310855
2024-12-20,44.21,-0.009188704616763688
2024-12-23,45.04,0.018774033024202552
2024-12-24,45.15,0.002442273534635886
2024-12-25,45.29,0.0031007751937983663
2024-12-26,45.31,0.0004415985868846395
2024-12-27,45.42,0.002427720150077306
2024-12-30,45.2,-0.004843681197710281
2024-12-31,44.99,-0.004646017699115101
2025-01-02,44.46,-0.011780395643476327
2025-01-03,44.86,0.008996851102114123
2025-01-06,46.12,0.02808738296923763
2025-01-07,46.53,0.008889852558543021
2025-01-08,45.97,-0.012035246077799266
2025-01-09,45.43,-0.01174679138568635
2025-01-10,45.37,-0.0013207131851200593
2025-01-13,44.42,-0.02093894644037897
2025-01-14,44.66,0.005402971634398845
2025-01-15,44.36,-0.00671742051052393
2025-01-16,45.24,0.019837691614066788
2025-01-17,45.43,0.0041998231653403995
2025-01-20,45.78,0.007704160246533087
2025-01-21,45.84,0.001310615989515096
2025-01-22,46.45,0.013307155322862085
2025-02-03,44.6,-0.03982777179763186
2025-02-04,44.8,0.004484304932735439
2025-02-05,45.36,0.012499999999999956
2025-02-06,45.57,0.004629629629629539
2025-02-07,45.83,0.005705508009655524
2025-02-10,45.41,-0.009164302858389761
2025-02-11,45.56,0.0033032371724290854
2025-02-12,45.5,-0.0013169446883231073
2025-02-13,45.48,-0.0004395604395605046
2025-02-14,44.92,-0.012313104661389462
2025-02-17,45.55,0.01402493321460363
2025-02-18,45.75,0.004390779363337094
2025-02-19,45.67,-0.0017486338797814138
2025-02-20,45.51,-0.0035033939128531477
2025-02-21,45.8,0.00637222588442099
2025-02-24,45.49,-0.006768558951964931
2025-02-25,45.13,-0.007913827214772517
2025-02-26,45.15,0.0004431641923332563
2025-02-27,44.69,-0.010188261351052108
2025-03-03,43.79,-0.020138733497426675
2025-03-04,43.57,-0.005023978077186575
2025-03-05,44.05,0.011016754647693361
2025-03-06,43.85,-0.004540295119182636
2025-03-07,43.39,-0.010490307867730975
2025-03-10,43.25,-0.0032265498962894545
2025-03-11,42.4,-0.01965317919075149
2025-03-12,42.56,0.0037735849056603765
2025-03-13,42.31,-0.005874060150375948
2025-03-14,42.15,-0.003781611912077598
2025-03-17,42.47,0.0075919335705811886
2025-03-18,42.68,0.0049446668236401425
2025-03-19,42.18,-0.011715089034676662
2025-03-20,43.0,0.01944049312470364
2025-03-21,42.7,-0.006976744186046435
2025-03-24,42.63,-0.0016393442622950616
2025-03-25,43.03,0.009383063570255645
2025-03-26,43.05,0.00046479200557736355
2025-03-27,42.25,-0.018583042973286834
2025-03-28,41.78,-0.011124260355029558
2025-03-31,40.39,-0.033269506941120186
2025-04-01,41.19,0.019806882891804767
2025-04-02,41.23,0.0009711094925952679
2025-04-07,37.11,-0.09992723744845977
2025-04-08,35.84,-0.034222581514416484
2025-04-09,34.18,-0.04631696428571441
2025-04-10,37.59,0.09976594499707447
2025-04-11,38.36,0.02048417132215996
2025-04-14,38.18,-0.004692387904066675
2025-04-15,38.59,0.010738606600314338
2025-04-16,37.95,-0.016584607411246455
2025-04-17,37.68,-0.007114624505928924
2025-04-18,37.84,0.00424628450106157
2025-04-21,37.23,-0.016120507399577377
2025-04-22,36.68,-0.014773032500671412
2025-04-23,38.19,0.04116684841875684
2025-04-24,37.95,-0.006284367635506549
2025-04-25,38.8,0.02239789196310915
2025-04-28,39.1,0.0077319587628867925
2025-04-29,39.27,0.004347826086956497
2025-04-30,39.29,0.0005092946269416032
2025-05-02,40.41,0.02850598116569092
2025-05-05,39.98,-0.010640930462756715
2025-05-06,39.86,-0.0030015007503750857
2025-05-07,39.81,-0.0012543903662819433
2025-05-08,40.24,0.010801306204471173
2025-05-09,40.69,0.011182902584492949
2025-05-12,41.11,0.010321946424182826
2025-05-13,41.62,0.012405740695694334
2025-05-14,42.5,0.0211436809226333
2025-05-15,42.43,-0.0016470588235294459
2025-05-16,42.5,0.001649776101814826
2025-05-19,41.95,-0.012941176470588123
2025-05-20,41.97,0.00047675804529201393
2025-05-21,42.5,0.01262806766738156
2025-05-22,42.02,-0.011294117647058788
2025-05-23,41.94,-0.0019038553069967712
2025-05-26,41.9,-0.0009537434430137992
2025-05-27,41.47,-0.010262529832935519
2025-05-28,41.66,0.004581625271280476
2025-05-29,41.69,0.000720115218435069
2025-06-02,40.86,-0.019908851043415665
2025-06-03,41.07,0.0051395007342143195
2025-06-04,42.08,0.024592159727294893
2025-06-05,42.14,0.001425855513307983
2025-06-06,42.25,0.002610346464167135
2025-06-09,42.58,0.007810650887573933
2025-06-10,43.61,0.02418976045091603
2025-06-11,43.97,0.00825498738821362
2025-06-12,43.73,-0.005458267000227446
2025-06-13,43.31,-0.009604390578550115
2025-06-16,43.4,0.002078042022627402
2025-06-17,43.57,0.0039170506912442615
2025-06-18,43.96,0.008951113151250967
2025-06-19,43.45,-0.011601455868971766
2025-06-20,43.4,-0.0011507479861910808
2025-06-23,43.18,-0.005069124423963123
2025-06-24,43.89,0.016442797591477598
2025-06-25,44.38,0.011164274322169154
2025-06-26,44.43,0.0011266336187472081
2025-06-27,44.47,0.0009002925950933882
2025-06-30,44.56,0.002023836294130943
2025-07-01,44.82,0.005834829443446932
2025-07-02,44.88,0.0013386880856760541
2025-07-03,45.34,0.01024955436720143
2025-07-04,44.98,-0.007940008822232114
2025-07-07,44.81,-0.003779457536682851
2025-07-08,44.67,-0.0031243026110243655
2025-07-09,45.0,0.00738750839489577
2025-07-10,45.44,0.009777777777777663
2025-07-11,45.64,0.004401408450704247
2025-07-14,45.34,-0.006573181419807117
2025-07-15,45.91,0.012571680635200533
2025-07-16,45.8,0.011282944892180291
2025-07-17,45.83,0.0006550218340610758
2025-07-18,46.36,0.01156447741653932
2025-07-21,46.19,-0.0036669542709232283
2025-07-22,45.87,-0.0069279064732625795
2025-07-23,46.08,0.00457815565729236
2025-07-24,46.35,0.005859375
2025-07-25,46.2,-0.003236245954692518
2025-07-28,46.38,0.003896103896103842
2025-07-29,45.87,-0.01099611901681774
2025-07-30,46.31,0.009592326139088891
2025-07-31,46.81,0.010796804145972727
2025-08-01,46.38,-0.009186071352275116
2025-08-04,46.18,-0.00431220353600692
2025-08-05,46.79,0.013209181463837094
2025-08-06,46.44,-0.007480230818550981
2025-08-07,47.7,0.027131782945736482
2025-08-08,47.62,-0.0016771488469602414
2025-08-11,47.96,0.007139857202856037
2025-08-12,48.0,0.0008340283569641116
2025-08-13,48.36,0.007500000000000062
2025-08-14,48.22,-0.0028949545078577055
2025-08-15,48.25,0.0006221484861053117
2025-08-18,48.39,0.002901554404145079
2025-08-19,48.27,-0.002479851208927464
2025-08-20,46.97,-0.02693184172363794
2025-08-21,47.29,0.006812859271875693
2025-08-22,47.1,-0.004017762740537112
2025-08-25,48.0,0.019108280254777066
2025-08-26,48.01,0.0002083333333333659
2025-08-27,48.34,0.006873568006665387
2025-08-28,47.96,-0.00786098469176666
2025-08-29,47.79,-0.0035446205170975853
2025-09-01,47.31,-0.01004394224733196
2025-09-02,47.32,0.00021137180300145886
2025-09-03,47.33,0.00021132713440397133
2025-09-04,47.62,0.0061271920557786075
2025-09-05,48.11,0.01028979420411602
2025-09-08,48.5,0.008106422781126499
2025-09-09,48.98,0.009896907216494721
2025-09-10,49.91,0.018987341772152
2025-09-11,50.35,0.00881586856341432
2025-09-12,50.8,0.00893743793445867
2025-09-15,50.75,-0.0009842519685039353
2025-09-16,51.4,0.012807881773398977
2025-09-17,51.05,-0.006809338521400754
2025-09-18,51.6,0.010773751224290029
2025-09-19,51.6,0.0
2025-09-22,51.95,0.006782945736434121
2025-09-23,52.8,0.016361886429258732
2025-09-24,52.9,0.0018939393939394478
2025-09-25,52.75,-0.002835538752362976
2025-09-26,51.8,-0.018009478672985857
2025-09-30,52.4,0.01158301158301156
2025-10-01,52.55,0.002862595419847347
2025-10-02,53.5,0.01807802093244537
2025-10-03,54.15,0.012149532710280297
2025-10-07,55.55,0.025854108956602007
2025-10-08,55.05,-0.009000900090008979
2025-10-09,55.5,0.008174386920980936
2025-10-13,54.9,-0.010810810810810811
2025-10-14,54.75,-0.002732240437158473
2025-10-15,55.7,0.017351598173515947
2025-10-16,56.75,0.018850987432674993
2025-10-17,55.95,-0.014096916299559448
2025-10-20,56.85,0.01608579088471851
2025-10-21,56.9,0.0008795074758134458
2025-10-22,56.65,-0.004393673110720586
2025-10-23,56.25,-0.007060900264783787
2025-10-27,57.55,0.023111111111111082
2025-10-28,57.2,-0.006081668114682803
2025-10-29,58.0,0.013986013986013957
2025-10-30,57.9,-0.0017241379310345417
2025-10-31,58.15,0.0043177892918826455
2025-11-03,57.65,-0.008598452278589908
2025-11-04,57.5,-0.002601908065914982
2025-11-05,56.8,-0.012173913043478257
2025-11-06,57.0,0.0035211267605634866
2025-11-07,56.4,-0.010526315789473717
2025-11-10,57.05,0.01152482269503552
2025-11-11,56.65,-0.007011393514461006
2025-11-12,57.1,0.007943512797881747
2025-11-13,56.7,-0.007005253940455369
2025-11-14,55.65,-0.0185185185185186
2025-11-17,55.85,0.003593890386343279
2025-11-18,53.4,-0.021450313339301696
2025-11-19,53.0,-0.0074906367041198685
2025-11-20,54.6,0.030188679245283012
2025-11-21,52.85,-0.03205128205128205
2025-11-24,52.65,-0.0037842951750236553
2025-11-25,53.35,0.013295346628680038
2025-11-26,54.2,0.015932521087160367
2025-11-27,54.6,0.007380073800737907
2025-11-28,55.0,0.0073260073260073
2025-12-01,54.25,-0.013636363636363669
2025-12-02,54.45,0.0036866359447005337
2025-12-03,55.0,0.010101010101009944
2025-12-04,54.95,-0.0009090909090908594
2025-12-05,55.4,0.008189262966332933
2025-12-08,56.25,0.01534296028880866
2025-12-09,56.05,-0.003555555555555645
2025-12-10,56.25,0.003568242640499708
2025-12-11,55.7,-0.009777777777777774
2025-12-12,55.85,0.002692998204667729
2025-12-15,55.2,-0.011638316920322245
2025-12-16,54.6,-0.010869565217391353
2025-12-17,54.55,-0.0009157509157510235
2025-12-18,54.6,0.0009165902841430373
2025-12-19,55.0,0.0073260073260073
2025-12-22,55.75,0.013636363636363669
2025-12-23,56.05,0.0053811659192823935
2025-12-24,56.2,0.00267618198037467
2025-12-26,56.65,0.008007117437722311
2025-12-29,57.25,0.010591350397175736
2025-12-30,57.3,0.0008733624454146938
2025-12-31,57.55,0.0043630017452007674
2026-01-02,58.55,0.017376194613379692
2026-01-05,60.65,0.03586678052946213
2026-01-06,61.25,0.009892827699917506
2026-01-07,60.8,-0.007346938775510292
2026-01-08,61.1,0.00493421052631593
2026-01-09,60.9,-0.00327332242225864
2026-01-12,61.25,0.005747126436781658
2026-01-13,61.55,0.004897959183673528
2026-01-14,61.6,0.0008123476848092004
2026-01-15,61.6,0.0
2026-01-16,62.8,0.01948051948051943
2026-01-19,63.05,0.00398089171974525
2026-01-20,63.15,0.0015860428231562196
2026-01-21,62.65,-0.007917656373713333
2026-01-22,63.3,0.010375099760574491
2026-01-23,63.75,0.007109004739336511
2026-01-26,63.8,0.0007843137254901489
2026-01-27,64.35,0.008620689655172376
2026-01-28,65.15,0.01243201243201253
2026-01-29,64.95,-0.003069838833461236
2026-01-30,64.05,-0.013856812933025542
2026-02-02,63.05,-0.015612802498048417
2026-02-03,64.35,0.020618556701030855
2026-02-04,64.3,-0.0007770007770007137
2026-02-05,63.55,-0.011664074650077794
2026-02-06,63.65,0.0015735641227381247
2026-02-09,65.25,0.02513747054202664
2026-02-10,66.45,0.01839080459770126
2026-02-11,67.8,0.020316027088036037
2026-02-23,68.05,0.0036873156342183133
2026-02-24,69.6,0.022777369581190365
2026-02-25,70.95,0.019396551724138122
2026-02-26,71.15,0.0028188865398168783
2026-03-02,70.55,-0.008432888264230609
2026-03-03,69.1,-0.020552799433026236
2026-03-04,66.3,-0.04052098408104188
2026-03-05,67.85,0.02337858220211153
2026-03-06,67.55,-0.004421518054532059
2026-03-09,64.5,-0.04515173945225759
2026-03-10,66.15,0.0255813953488373
2026-03-11,68.7,0.038548752834467015
2026-03-12,67.45,-0.0181950509461426
2026-03-13,66.9,-0.008154188287620379
2026-03-16,66.7,-0.002989536621823663
2026-03-17,67.35,0.009745127436281642
2026-03-18,68.5,0.017074981440237558
2026-03-19,66.9,-0.023357664233576547
2026-03-20,66.75,-0.0022421524663678305
2026-03-23,65.15,-0.02397003745318349
2026-03-24,65.5,0.005372217958557135
2026-03-25,67.05,0.023664122137404542
2026-03-26,66.7,-0.005219985085756829
2026-03-27,66.1,-0.008995502248875686
2026-03-30,65.0,-0.016641452344931862
2026-03-31,63.85,-0.017692307692307674
2026-04-01,66.55,0.04228660924040706
2026-04-02,65.25,-0.019534184823440937
2026-04-07,66.55,0.01992337164750957
2026-04-08,69.85,0.04958677685950419
2026-04-09,69.9,0.000715819613457569
2026-04-10,71.1,0.01716738197424883
2026-04-13,70.95,-0.002109704641350074
2026-04-14,72.65,0.02396053558844269
2026-04-15,73.7,0.014452856159669514
2026-04-16,74.4,0.009497964721845387
2026-04-17,73.8,-0.008064516129032362
2026-04-20,74.35,0.007452574525745215
2026-04-21,75.2,0.01143241425689312
2026-04-22,75.7,0.0066489361702126715
2026-04-23,75.85,0.0019815059445176253
2026-04-24,78.9,0.040210942649967274
2026-04-27,81.1,0.027883396704689423
2026-04-28,80.4,-0.008631319358816114
2026-04-29,79.45,-0.011815920398009938
2026-04-30,79.1,-0.00440528634361248
2026-05-04,82.5,0.04298356510745904
2026-05-05,82.45,-0.00060606060606061
2026-05-06,83.55,0.013341419041843494
2026-05-07,85.3,0.020945541591861128
2026-05-08,85.05,-0.0029308323563892458
2026-05-11,84.65,-0.004703115814226777
2026-05-12,84.5,-0.0017720023626698334
2026-05-13,83.45,-0.01242603550295851
2026-05-14,83.8,0.0041941282204911445
2026-05-15,83.0,-0.009546539379474916
2026-05-18,82.45,-0.0066265060240963125
2026-05-19,81.2,-0.015160703456640334
2026-05-20,80.7,-0.006157635467980316
2026-05-21,83.5,0.03469640644361838
2026-05-22,84.6,0.013173652694610682
2026-05-25,87.6,0.03546099290780136
2026-05-26,87.25,-0.003995433789954261
2026-05-27,89.05,0.020630372492836724
2026-05-28,87.25,-0.02021336327905665
2026-05-29,90.45,0.03667621776504304
2026-06-01,91.1,0.007186290768380177
2026-06-02,91.45,0.0038419319429199295
2026-06-03,93.15,0.018589393110989727
2026-06-04,92.05,-0.01180891035963505
2026-06-05,90.4,-0.017925040738728915
2026-06-08,87.7,-0.02986725663716816
2026-06-09,89.9,0.02508551881413923
2026-06-10,87.35,-0.02836484983314802
2026-06-11,86.9,-0.005151688609043914
2026-06-12,88.6,0.019562715765247374
2026-06-15,91.05,0.02765237020316036
2026-06-16,91.65,0.006589785831960571
2026-06-17,91.65,0.0
2026-06-18,92.8,0.012547735951991212
2026-06-22,95.85,0.03286637931034475
2026-06-23,95.05,-0.008346374543557578
2026-06-24,92.35,-0.028406102051551807
2026-06-25,92.55,0.0021656740660531693
2026-06-26,89.2,-0.036196650459211166
2026-06-29,90.4,0.013452914798206317
2026-06-30,93.1,0.02986725663716805
2026-07-01,94.25,0.01235230934479059
2026-07-02,93.55,-0.007427055702917795
2026-07-03,93.25,-0.003206841261357507
2026-07-06,93.5,0.002680965147453085
2026-07-07,91.95,-0.016577540106951894
2026-07-08,92.0,0.0005437737901032857
2026-07-09,91.65,-0.0038043478260868513
2026-07-13,92.05,0.004364429896344779
2026-07-14,90.6,-0.015752308527973935
2026-07-15,92.0,0.015452538631346657
2026-07-16,90.5,0.004565217391304444
2026-07-17,85.1,-0.059668508287292865
2026-07-20,84.8,-0.003525264394829586
2026-07-21,87.75,0.0347877358490567
2026-07-22,89.05,0.014814814814814836
2026-07-23,89.0,-0.0005614823133071045
2026-07-24,87.15,-0.020786516853932513
2026-07-27,87.1,-0.0005737234652898326
2026-07-28,83.4,-0.04247990815154978
2026-07-29,80.5,-0.03477218225419676
2026-07-30,80.65,0.0018633540372672286
2026-07-31,87.95,0.09051456912585243
2026-08-03,87.45,-0.005685048322910724
2026-08-04,86.65,-0.00914808461978267
2026-08-05,88.95,0.026543566070398095
2026-08-06,88.3,-0.007307476110174349
2026-08-07,88.15,-0.001698754246885481
2026-08-10,89.65,0.017016449234259712
2026-08-11,89.55,-0.001115448968209809
2026-08-12,90.3,0.008375209380234505
2026-08-13,91.3,0.011074197120708673
2026-08-14,91.05,-0.0027382256297918683
2026-08-17,91.2,0.0016474464579900872
2026-08-18,89.9,-0.014254385964912242
2026-08-19,88.5,-0.015572858731924377
2026-08-20,89.1,0.006779661016949046
2026-08-21,89.75,0.007295173961840762
2026-08-24,88.95,-0.008913649025069637
2026-08-25,89.7,0.008431703204047292
2026-08-26,91.0,0.01449275362318847
2026-08-27,91.15,0.0016483516483516425
2026-08-28,91.7,0.0060340098738342896
2026-08-31,91.1,-0.0065430752453654595
2026-09-01,92.95,0.020307354555433754
2026-09-02,91.6,-0.014523937600860792
2026-09-03,91.2,-0.004366812227074135
2026-09-04,92.55,0.014802631578947345
2026-09-07,94.3,0.018908698001080415
2026-09-08,93.95,-0.003711558854718966
2026-09-09,93.95,0.0
2026-09-10,93.45,-0.0053219797764768595
2026-09-11,92.2,-0.013376136971642638
2026-09-14,91.9,-0.0032537960954446277
2026-09-15,91.35,-0.005984766050054491
2026-09-16,91.95,0.006568144499178974
2026-09-17,92.9,0.010331702011963095
2026-09-18,94.45,0.01668460710441333
2026-09-21,95.55,0.011646373742721039
2026-09-22,95.9,0.00366300366300365
2026-09-23,96.5,0.006256517205422307
2026-09-24,96.7,0.002072538860103723
2026-09-29,95.9,-0.008273009307135482
2026-09-30,96.6,0.007299270072992581
2026-10-01,97.4,0.008281573498964967
2026-10-02,97.2,-0.002053388090349051
